Country Name,Country Code,Indicator Name,Indicator Code,1960,1961,1962,1963,1964,1965,1966,1967,1968,1969,1970,1971,1972,1973,1974,1975,1976,1977,1978,1979,1980,1981,1982,1983,1984,1985,1986,1987,1988,1989,1990,1991,1992,1993,1994,1995,1996,1997,1998,1999,2000,2001,2002,2003,2004,2005,2006,2007,2008,2009,2010,2011,2012,2013,2014,2015,2016,2017,2018,2019,2020,2021,2022,2023,2024
Aruba,ABW,GDP per capita growth (annual %),NY.GDP.PCAP.KD.ZG,,,,,,,,,,,,,,,,,,,,,,,,,,,,17.59320595,18.30468737,10.06693198,0.134479696,2.813434652,1.111855606,0.49219478,2.75152351,-0.292643138,-2.733864298,2.978396644,-0.487159558,-0.125965726,6.519223766,3.212405688,-1.628099152,-0.033839442,5.026911516,-2.930823494,-0.6732577,2.322677579,1.061772352,-12.27493628,-2.95695265,2.610525059,-2.484647977,4.855279431,-2.62961536,-1.63575345,0.951537825,7.040657465,2.234428765,-2.496550426,-25.79322942,25.15496385,8.912308079,4.21613214,
Africa Eastern and Southern,AFE,GDP per capita growth (annual %),NY.GDP.PCAP.KD.ZG,,-2.132939568,5.008777477,2.794385539,1.829574928,2.245804973,1.917421739,2.418486018,1.185891947,2.09868221,-1.744356728,2.47783294,-0.109085829,1.595522195,2.384204428,-1.515703301,-0.561446154,-1.700556382,-1.481102974,-0.240395345,2.348425665,0.846006708,-2.859268697,-3.045975957,0.276256217,-3.09035236,-0.744035845,0.88547125,1.288819066,-0.164985161,-2.65495567,-2.806080281,-4.913861835,-3.314556702,-0.742939093,1.61005564,2.701419997,1.213707699,-0.849750123,-0.008093812,0.567873189,0.8604843,1.161069267,0.291535064,2.802862429,3.377371362,3.76971707,3.814874102,1.56197572,-1.831565959,2.369984905,1.302500423,-0.936576677,1.489854297,1.239381741,0.262663002,-0.467420825,0.018464181,-0.104064111,-0.543714732,-5.447021132,1.829597322,0.90533014,-0.645083898,0.256613278
Afghanistan,AFG,GDP per capita growth (annual %),NY.GDP.PCAP.KD.ZG,,,,,,,,,,,,,,,,,,,,,,,,,,,,,,,,,,,,,,,,,,-10.11948411,22.02019027,2.345671636,-2.148212285,7.383377282,1.132485055,11.69230329,1.677279156,17.04389632,11.05503055,-3.213295006,8.279368993,2.052068261,-0.939984756,-1.665057447,-0.300121027,-0.195569548,-1.713742693,0.856294729,-5.382514642,-22.58448187,-7.576668912,0.106092801,
Africa Western and Central,AFW,GDP per capita growth (annual %),NY.GDP.PCAP.KD.ZG,,-0.251141817,1.538395941,4.74144564,3.087620198,1.823720215,-3.703506822,-11.00581813,-0.751911406,12.46264926,14.61059851,7.815939198,0.655532879,1.363580482,7.153789726,-4.663005513,5.525853002,1.748342578,-4.620383965,2.070522227,-0.939980943,-9.319757996,-5.991379078,-8.779394917,-2.072619936,2.552219325,-1.401310522,-1.309580785,1.842088783,-1.053577057,2.921001312,-1.568985088,-0.431975611,-3.991016351,-2.895473852,-0.876447124,1.820973396,1.60252624,0.800823074,-1.207679956,1.024380932,2.300519549,6.920866409,2.667399728,5.079982243,2.946940217,2.419436237,2.566700158,3.314737356,3.203099985,4.090238082,2.025590773,2.256631897,3.171412641,2.865220929,0.186777383,-2.448450744,-0.355460041,0.330192195,0.792526324,-3.321744629,1.599745709,1.578046199,0.920848216,1.707193462
Angola,AGO,GDP per capita growth (annual %),NY.GDP.PCAP.KD.ZG,,,,,,,,,,,,,,,,,,,,,,-7.819537671,-3.611216996,0.398925562,2.143506851,-0.238221364,-0.756799921,0.529253267,2.577679019,-3.316708774,-6.670526973,-2.344652711,-8.871345191,-26.37419588,-1.893068011,11.22244903,9.768938152,3.692910151,1.245331726,-1.130798779,-0.302928309,0.769184668,9.857802363,-0.545677505,7.032772669,10.91124363,7.514314915,9.821943828,7.048035489,-2.902289336,0.454324006,-0.473683326,4.407587059,0.990675719,0.981943968,-2.630701832,-6.002648683,-3.620757682,-4.665969917,-4.010017337,-8.672076174,-1.969590687,-0.143628268,-1.988293313,1.292930656
Albania,ALB,GDP per capita growth (annual %),NY.GDP.PCAP.KD.ZG,,,,,,,,,,,,,,,,,,,,,,3.648648547,0.795840071,-1.016802172,-3.307497202,-0.290595348,3.614655544,-2.749496379,-3.262522334,6.923617285,-11.1879053,-27.56682083,-6.622551207,10.22994934,8.969761659,14.02449594,8.005513844,-11.15766053,8.993806823,12.96392688,8.149967935,9.890193571,4.942622963,5.728105981,5.707123084,5.67025028,6.689981397,7.307982629,7.730561614,3.385115395,3.485648086,2.739532557,1.151044013,1.89373834,2.452131572,2.525830935,4.075198423,3.378211536,3.927525709,2.498299447,-2.756980235,9.98433058,6.108947895,5.137123553,5.162521915
Andorra,AND,GDP per capita growth (annual %),NY.GDP.PCAP.KD.ZG,,,,,,,,,,,,-2.500589058,1.012623632,0.905266181,-0.876786145,-5.405687749,-2.532406651,-2.654393978,-3.614024247,-4.539719708,-2.007360979,-3.859135363,-2.919468733,-2.748259222,-2.327825921,-1.302134885,-1.056613698,1.29670923,1.344907037,2.333716428,-0.119515605,-4.819169045,-4.994090166,-5.83663169,0.259838841,3.882959291,4.531978271,7.860678957,2.118367938,3.579454848,3.567765711,7.845168134,3.518284734,4.032707486,1.095400014,1.183027687,1.958830028,-1.289611512,-7.389298788,-5.746485459,1.889880843,3.749517536,-3.800754298,-1.443945404,4.529893817,3.630797937,3.699620468,-1.806057033,-0.302119304,0.265352821,-12.22383849,6.927044852,7.721238001,1.123259079,2.006784451
Arab World,ARB,GDP per capita growth (annual %),NY.GDP.PCAP.KD.ZG,,,,,,,,3.801321148,7.643215521,4.387700513,19.45526609,4.47043157,10.74875601,10.04284838,7.296689033,-3.060190774,10.73285916,3.32473193,-0.395516113,6.83646659,2.679833685,-2.326241678,-8.859361994,-6.744196073,-1.882507807,-3.847808567,-3.772177992,-2.694599894,0.450816902,1.078540767,4.368706514,-2.961746501,3.868231592,0.426411075,0.56213748,0.239123823,2.291927022,2.94280835,2.256936931,0.345002164,3.80851584,-0.350194374,-1.172914196,1.886783928,6.566776598,3.094647061,3.742829198,2.000825484,2.915831496,-1.814772992,2.76677366,1.418897813,2.622699606,0.053582125,0.211863763,0.786178975,1.177005715,-0.413328595,0.8343046,-0.169697469,-6.739136927,2.835410187,4.565307903,-0.75981275,-0.610337907
United Arab Emirates,ARE,GDP per capita growth (annual %),NY.GDP.PCAP.KD.ZG,,,,,,,,,,,,16.83943175,21.0226998,55.82352932,2.163481571,-4.294249188,2.71277066,5.307528509,-13.63623517,7.301788005,11.22874221,-3.34878166,-12.03886717,-10.06138799,-1.613282123,-8.626008468,-20.14346691,-3.635673716,-8.846061299,5.555444282,11.57266451,-4.588784978,-1.937999971,-3.631360916,2.024915268,2.022152151,-0.836570707,-0.251832471,-7.064295445,-4.205392179,3.631932803,-4.864577328,-3.604506378,2.685563312,3.715510693,-0.445687773,2.287443031,-8.107649862,-7.909351662,-10.95618603,-0.804617485,2.707248504,-2.127987227,0.937160701,-0.570027636,1.18960692,0.483038735,-2.411856071,-0.024508823,0.047746018,-4.504667625,2.457174573,2.176083438,-0.421510863,0.010374174
Argentina,ARG,GDP per capita growth (annual %),NY.GDP.PCAP.KD.ZG,,3.697198142,-2.481211956,-6.851643196,8.371062335,8.853455746,-2.169542718,1.629722992,3.230850808,8.00868539,1.450585236,4.007823332,0.032008915,1.162903576,3.812252247,-1.623206186,-3.539953348,5.254065547,-6.020787796,8.476652165,-0.085639703,-6.696558857,-2.315359754,2.690838016,-0.033820922,-6.668386606,4.515050971,1.13014295,-2.611124783,-8.56786939,-3.911192293,7.575135073,6.453323571,6.752114948,4.427311622,-4.109935987,4.208050173,6.805821143,2.63654067,-4.493066552,-1.906841392,-5.452639033,-11.84231382,7.71839038,7.92951713,7.738981076,6.941851601,7.932610113,3.008568926,-6.910312115,8.968196729,4.881272528,-2.038325309,1.393512661,-3.51326421,1.660912538,-3.024500956,1.916396081,-3.415536839,-2.695067235,-10.33610969,10.14855999,5.048195323,-1.892949797,-2.058402754
Armenia,ARM,GDP per capita growth (annual %),NY.GDP.PCAP.KD.ZG,,,,,,,,,,,,,,,,,,,,,,,,,,,,,,,,-13.21114999,-41.11376353,-5.669733605,8.179314214,8.743158122,6.796794519,4.353752932,8.56710544,4.640952317,4.130758874,9.917354754,13.62452653,14.61970149,11.11449019,14.56970188,13.8986537,14.42082449,7.602947751,-13.50884214,2.911586968,5.284375308,7.334704541,3.371783587,3.881876701,3.515995473,0.611877151,7.965446065,5.568501179,7.836084387,-7.168664527,5.771427608,12.33833356,8.479020342,3.484216252
American Samoa,ASM,GDP per capita growth (annual %),NY.GDP.PCAP.KD.ZG,,,,,,,,,,,,,,,,,,,,,,,,,,,,,,,,,,,,,,,,,,,,1.126789855,0.680220537,-0.05459527,-3.684976855,2.32559828,-2.160411774,-3.648909859,0.844681592,0.606612624,-3.622022585,-1.628013554,2.790612438,4.296623367,-0.488137584,-5.799364048,4.038507121,0.897584681,5.351787426,0.29788482,3.593276063,,
Antigua and Barbuda,ATG,GDP per capita growth (annual %),NY.GDP.PCAP.KD.ZG,,,,,,,,,,,,,,,,,,,4.096628155,7.682602259,7.761278355,3.570424396,-0.268580069,5.122047064,10.25352261,8.128809182,12.04007092,7.176390219,5.747276017,5.747606411,3.434862982,1.659415325,-0.4388383,3.380941829,4.671924904,-6.247651182,4.425739623,3.33223171,2.765723601,1.942351959,4.437084458,-5.999921113,-0.235736725,4.916227666,4.645194678,5.280706903,11.31964083,7.843446933,-1.470768949,-13.28176806,-9.07945361,-3.108000747,2.273781331,-1.508467911,1.391205732,0.691094825,3.47228425,2.146187576,6.174489769,2.677613194,-19.29454628,7.583674814,8.530771197,1.904886418,3.820191439
Australia,AUS,GDP per capita growth (annual %),NY.GDP.PCAP.KD.ZG,,0.46335133,-1.148080552,4.198557186,4.901300074,3.923448178,0.067986874,4.971449833,3.255944736,4.828076137,5.084796088,0.543808091,2.017874158,1.062663505,1.505003941,0.095786724,1.564966117,2.434497124,-0.272989275,2.93205952,1.787333896,1.738544701,1.54942788,-3.553298335,3.345558506,3.885343444,2.473278414,1.011353374,4.0415423,2.129709089,2.055705422,-1.643951636,-0.689832364,3.125295413,2.983767962,2.735332296,2.610752936,2.794925756,3.625181818,3.884968555,2.738929566,0.723509654,2.803479629,1.911812545,3.115856922,1.906093171,1.378027255,1.896638707,1.531150067,-0.185790579,0.642043486,0.993946507,2.118255292,0.851364693,1.076363256,0.729964315,1.166815387,0.609016554,1.350866131,0.673067166,-1.343977433,1.967399837,2.924100641,0.964385754,-0.627097846
Austria,AUT,GDP per capita growth (annual %),NY.GDP.PCAP.KD.ZG,,4.960717183,2.021469667,3.471466159,5.419336014,2.810012786,4.904479004,2.241009758,3.931241829,5.909495926,6.749434568,4.646942587,5.59238102,4.310906445,3.765373157,-0.099030431,4.76336935,5.039648225,-0.129830445,5.536447972,1.731377693,-0.398620558,1.938121352,3.139627887,0.057573487,2.450566024,2.236401938,1.29304521,3.149746427,3.420101754,3.553548082,2.413986168,0.976092051,-0.2987538,2.008761305,2.510913051,2.077848702,2.030152416,3.379381263,3.560238147,2.941684642,0.929888061,0.986311684,0.650068296,1.930896889,1.625659096,2.759623701,3.439385492,1.136211312,-3.838493076,1.564533379,2.581103319,0.170488694,-0.836906795,-0.028580547,0.174259723,1.018877232,1.564306897,1.986262964,1.303503176,-6.706393611,4.339758399,4.275933279,-1.930145664,-1.676594419
Azerbaijan,AZE,GDP per capita growth (annual %),NY.GDP.PCAP.KD.ZG,,,,,,,,,,,,,,,,,,,,,,,,,,,,,,,,-2.012383104,-23.76120216,-24.25686416,-20.77555855,-12.81342944,0.28021389,4.784282352,8.960886763,6.461584076,10.19102927,9.051821865,8.625351139,9.37646097,8.301538012,26.66009473,32.99706632,24.04867893,8.293390791,7.122238739,3.549455657,-2.847182953,0.853886052,4.483203027,1.522431572,-0.147024804,-4.141174903,-0.824348483,0.62488441,1.615829574,-4.852351546,5.151489356,4.673318014,1.232679755,3.57269253
Burundi,BDI,GDP per capita growth (annual %),NY.GDP.PCAP.KD.ZG,,-15.90196524,6.331874888,1.964997138,3.288670218,1.13032095,2.123023174,10.96864413,-2.648490147,-3.576144753,18.71930938,0.279710021,-6.399798922,7.041069108,-3.18211194,-1.769311584,5.551346427,8.644480418,-3.761265919,-0.830806953,-3.159807598,7.684913821,-3.492200293,0.973082537,-2.242127427,9.394384222,1.330433641,3.123289546,2.730074844,-0.620899444,1.363044013,2.846685159,-1.654735446,-3.241248646,-4.452932936,-13.26998523,-8.063500471,-1.582477439,2.768029824,-3.353820296,-2.895427919,-0.469619803,1.542047071,-4.295388278,0.997721141,-2.778948028,1.684736425,-0.304003263,0.623635409,-1.31554958,0.316683988,0.376420688,0.785222154,1.22233332,0.761607166,-6.055503773,-2.296878917,-1.834691663,-1.411807623,-1.476334832,-2.548980787,0.329205803,-0.869930825,-0.096964332,0.84939104
Belgium,BEL,GDP per capita growth (annual %),NY.GDP.PCAP.KD.ZG,,4.630257134,4.794034518,3.574353541,5.949139356,2.624444661,2.461462453,3.291575742,3.785044364,6.328283647,6.247845513,3.796488656,4.884088168,6.047488542,4.23677803,-2.248829962,5.464140149,0.501978435,2.745990116,2.249127606,4.329008291,-0.276653762,0.622329065,0.319812571,2.467921209,1.621519047,1.786469858,2.219478239,4.390794858,3.093999118,2.830267877,1.455371862,1.119565668,-1.347999478,2.909318699,2.170550243,1.123650269,3.542803056,1.744347977,3.305681097,3.465478232,0.752467698,1.251994282,0.615852527,3.123931284,1.760456465,1.878174189,2.91838152,-0.343476137,-2.692534717,1.776183416,0.613616928,-0.403775116,-0.166173061,1.314774623,0.887876358,0.682454833,1.084311513,1.415289375,1.89071932,-5.20244011,5.771345643,3.420168308,0.281207552,0.258325283
Benin,BEN,GDP per capita growth (annual %),NY.GDP.PCAP.KD.ZG,,1.451144084,-5.111051704,2.825280758,4.6354801,3.234781725,1.500861687,-0.98609372,1.674365521,0.682677458,-0.128531728,-3.687325252,4.011657805,1.307260501,0.907300354,-7.180182238,-1.594456395,2.346730073,-1.334720734,3.739556785,3.878492157,6.875964567,-0.674353711,-7.08354719,4.820793288,4.399750497,-0.831611572,-4.424573155,0.306527533,-5.781173642,5.678424808,1.059894065,-0.174577694,1.243124435,-1.72472268,3.826683556,1.629860214,2.658915884,0.804830625,2.132400379,2.6504315,2.164524391,1.509640257,0.336976511,1.280779944,-1.510433395,0.750089698,2.900175704,1.776470696,-0.703743156,-0.888244805,-0.057123017,1.74647753,4.076668027,3.260772171,-1.184320438,0.36116614,2.6704172,3.737015543,3.982113266,1.120202648,4.413354351,3.58043408,3.703325128,4.840178691
Burkina Faso,BFA,GDP per capita growth (annual %),NY.GDP.PCAP.KD.ZG,,2.550232653,4.587498788,-2.730146958,0.721438385,2.117328006,-1.095808129,7.016896507,1.315164942,0.276666589,-1.616231522,-0.322395573,0.56318249,-1.329507387,6.255875354,0.943213343,6.235397484,-1.94188225,2.032698189,1.014438225,-1.872463415,1.446488859,6.578035335,-2.457063553,-4.573172595,5.428949255,4.952235074,-2.929012654,2.990682684,-0.526129444,-3.187661934,6.338472499,-2.209726904,0.920491455,-1.207760725,3.040325358,8.209981105,3.611022435,4.382315503,4.293848162,-1.107106602,3.409757708,1.17736897,4.492946881,1.24360967,5.295740309,2.988892119,1.001312767,2.736636763,-0.000227774,5.319349159,3.516336236,3.288783465,2.665082759,1.270476556,0.888259828,2.903509091,3.216405217,3.767726783,3.243918662,-0.443420002,4.431005409,-0.819552931,0.64957799,2.653443724
Bangladesh,BGD,GDP per capita growth (annual %),NY.GDP.PCAP.KD.ZG,,3.110419719,2.434773841,-3.315593024,7.760333196,-1.318225165,-0.372470692,-4.72039173,6.313411169,-1.615764764,2.92079667,-7.117480256,-15.61251724,0.40936438,6.532698863,-6.570574215,3.01376174,0.149792974,4.492528204,2.307157782,-1.564968965,4.518544665,-0.629252595,1.134446241,2.14633009,0.828029751,1.755949338,1.474959677,0.260566561,0.752490666,3.540805414,1.526796288,3.4738382,2.779078567,1.981565712,3.185893833,2.629544607,2.57102378,3.209952444,2.700692492,3.38671359,3.340278822,2.242860585,3.226324776,3.81635685,5.201313687,5.440428815,5.913202756,4.960571702,4.070764216,4.650462974,5.501503282,5.505480202,5.023418397,5.099054602,5.604495397,6.1618156,5.68710307,6.441974947,6.972643998,2.586478166,6.07069417,6.008474629,4.490704094,2.96499838
Bulgaria,BGR,GDP per capita growth (annual %),NY.GDP.PCAP.KD.ZG,,,,,,,,,,,,,,,,,,,,,,4.551144229,2.032294164,3.172520882,3.154807366,2.684953395,4.235241268,5.898612494,10.82009085,-2.151690705,-7.463207654,-7.534068857,-6.271263889,-0.691213573,2.164358852,3.321186835,5.749369438,-13.59092238,4.484023771,-7.881073177,5.105055789,5.911160323,8.195216445,6.074061736,7.317404312,7.865501921,7.616849232,7.441488627,6.877126917,-2.722414675,2.2260788,2.746910336,1.334066095,1.483660637,2.182964912,4.72028573,4.372882161,4.115239259,3.965578923,5.264447923,-2.240167074,8.499367455,4.717940257,2.179218452,2.846404277
Bahrain,BHR,GDP per capita growth (annual %),NY.GDP.PCAP.KD.ZG,,,,,,,,,,,,-1.001589811,5.851353498,8.031073462,2.941323468,-13.40687758,24.07213355,7.61285509,-0.957468007,-1.173423458,-1.85494661,-9.003912419,-10.77134826,2.733042904,1.349610014,-8.123037603,-2.428239076,6.447243146,3.193126764,-3.147028853,0.893819936,13.82693921,3.920583935,9.939399205,-2.841207905,1.231132748,1.404160777,0.411529525,2.065271537,1.587982296,2.559646914,-1.187353568,-3.812875133,-1.206571929,-0.710582646,-1.04880317,-1.470380325,0.075646933,0.063714463,-3.979197726,0.077166959,4.787472097,2.605781234,1.576686846,-0.560855463,-1.663292787,-0.079109875,-0.457057166,1.918495729,3.382740869,-5.173074009,2.119198225,4.764512125,0.42885938,2.264333518
"Bahamas, The",BHS,GDP per capita growth (annual %),NY.GDP.PCAP.KD.ZG,,5.34190503,5.039960225,5.129045928,5.472593468,5.630973667,4.197024666,4.604745807,3.43569724,4.149218202,-9.220520204,-1.501779658,-6.055908012,5.030403287,-18.59920723,-16.64762567,2.922120333,6.835927989,11.83021661,23.66934654,4.527743963,-10.79470812,4.925120698,1.868021145,12.26036706,3.052309063,0.064914408,1.254972311,0.576822781,4.86574712,-3.296191759,-5.815327371,-5.573309075,-1.555541082,1.350387443,2.664156846,2.587699944,-0.222584467,3.234543574,5.72071862,2.790905518,1.373534,1.534862932,-2.442848949,-0.353931311,2.159759355,1.197964733,0.022316157,-3.629017836,-5.414140447,0.248837038,-0.537416355,3.479012149,-3.756330969,0.956170654,0.197887425,-1.846292092,2.727954146,1.816539861,-1.33099312,-20.32936973,17.43560221,10.55252448,2.55809108,2.903713039
Bosnia and Herzegovina,BIH,GDP per capita growth (annual %),NY.GDP.PCAP.KD.ZG,,,,,,,,,,,,,,,,,,,,,,,,,,,,,,,,-9.54507316,-1.493699177,6.089470199,16.47376421,16.27567174,47.84541898,31.77901262,14.58798516,8.43574268,4.667607,1.941344232,4.812674722,4.102761911,7.289052143,5.025655699,6.275860373,7.171905452,7.203568124,-1.31069381,2.673722489,2.839423788,1.115320952,4.02941225,2.459975948,5.687058388,4.595967206,4.57869011,5.105248784,4.162604854,-1.657508895,9.19171639,5.531108829,2.626169553,3.154340378
Belarus,BLR,GDP per capita growth (annual %),NY.GDP.PCAP.KD.ZG,,,,,,,,,,,,,,,,,,,,,,,,,,,,,,,,-1.245567153,-9.798383573,-7.803770146,-11.59557508,-10.10885271,3.146685992,11.86395221,8.889364576,3.866378692,6.299636275,5.263892177,5.716082481,7.794917852,12.21261835,10.14976717,10.67558671,9.099460044,10.58130507,0.4467057,7.985732826,5.79755018,1.867269773,1.037490027,1.594062008,-3.957251254,-2.611913805,2.644807522,3.369991519,1.651367504,-0.251224717,3.290817516,-3.888540083,4.691207974,4.51757015
Belize,BLZ,GDP per capita growth (annual %),NY.GDP.PCAP.KD.ZG,,2.299993079,2.26056118,2.125808997,2.003957924,1.851041395,1.633720272,1.739480489,4.146573713,2.143913602,2.467367879,2.207948236,8.564268933,3.877992404,12.01850708,1.843329417,-2.070908779,4.311598747,5.722136529,5.266933438,9.493481895,-1.397991874,-2.570200694,-4.494565163,-0.411300256,-1.307283939,2.202531429,8.281554271,7.380629877,10.53302979,9.03038784,9.411672271,10.40361822,4.003825686,-2.126400794,-1.758429668,-1.857191197,0.814424851,0.325381307,5.722213316,8.632715541,1.789774665,2.255905949,6.43585885,1.730993286,-0.719541027,1.553754319,0.483371873,-4.35067134,-3.019040323,-1.295373281,-2.394190992,1.530338261,2.248911758,1.855554613,0.736857598,-2.24225455,-4.04836188,-0.757266963,2.753464635,-15.00068035,16.39580579,7.64170339,-0.911086213,6.604734215
Bermuda,BMU,GDP per capita growth (annual %),NY.GDP.PCAP.KD.ZG,,2.458860437,1.8345761,-1.384302388,8.548317161,2.440142448,11.83526072,11.03305692,0.302356941,1.617932055,4.643896683,2.487810579,1.43476924,1.209585804,0.668046203,3.625537104,8.772713553,5.675004011,1.245819396,1.983823027,7.630187383,1.766632529,-5.964594591,1.282647804,-0.232564086,-2.670355319,6.013944308,3.056673772,3.259731105,-0.312179175,-0.727990781,-4.241437275,-0.783533834,2.292256869,-0.042793868,3.816873068,2.108168799,3.967293989,3.108400628,2.56233775,8.560550259,6.673039057,-1.913785699,3.006253556,2.044833778,1.42128117,5.337260155,3.056475297,-2.315543075,-6.020136318,-2.747672946,-3.754826881,-5.175857524,-0.16677148,-3.632855408,0.878744269,-0.63372064,3.401191878,-0.827444989,-0.124745932,-7.225547894,4.177012512,6.310136679,4.999919489,2.203310107
Bolivia,BOL,GDP per capita growth (annual %),NY.GDP.PCAP.KD.ZG,,0.024994746,3.423215511,4.590046498,1.78384207,2.697641764,4.880108753,4.013276708,6.146364268,2.162936904,2.897656675,2.728298212,5.569386166,3.387110143,0.638403547,4.907603384,2.247090158,2.577383783,-0.264150198,-2.120223426,-3.564803369,-1.924837477,-6.013474417,-6.085977744,-2.310571539,-3.734705176,-4.600383641,0.324802543,0.751404532,1.615876343,2.458349784,3.095534118,-0.406134714,2.221397474,2.660871687,2.719495973,2.448117814,3.076060508,3.1912197,-1.311180574,0.762647491,-0.017100458,0.785766491,1.005158394,2.435011684,2.676006596,3.025736246,2.79100342,4.371629809,1.650077111,2.428457131,3.510649717,3.454063612,5.128470927,3.844184168,3.278651558,2.722207157,2.683728435,2.740368225,0.789012055,-9.857106795,5.035259646,2.40643659,1.675972067,0.003115706
Brazil,BRA,GDP per capita growth (annual %),NY.GDP.PCAP.KD.ZG,,5.372339416,3.465910762,-2.321401908,0.450644645,-0.445326275,3.824038278,1.482357868,7.022831242,6.787928484,7.70310528,8.650323901,9.249307736,11.24263033,5.592672803,2.694421531,7.662315195,2.459657173,2.494907463,4.252577515,6.653382115,-6.45394522,-1.442071146,-5.074170995,3.120693961,5.576472452,5.298203983,1.498671699,-1.951016507,1.275262785,-6.043271763,-0.686503406,-2.188501404,3.238677951,4.210940303,2.632056303,0.672968776,1.86924435,-1.14360391,-0.984800298,2.962220451,0.077000517,1.782043084,-0.045832831,4.571693673,2.077308338,2.86752084,5.001470158,4.092216267,-1.016323621,6.627829949,3.131698544,1.097332938,2.173330805,-0.303163572,-4.306397559,-4.010127194,0.587668929,1.090408604,0.562970838,-3.835505467,4.317931617,2.646315324,2.833700129,2.977479093
Barbados,BRB,GDP per capita growth (annual %),NY.GDP.PCAP.KD.ZG,,6.654892409,8.098228702,-6.010627008,3.95420561,10.30448432,2.908558697,9.698090224,6.298462034,7.128751654,9.534432508,4.004053935,1.075032108,1.071885757,-4.823839032,-2.055444613,4.2493935,3.566418018,4.9082084,8.014096811,4.267249337,-2.189848631,-5.210927714,0.146322174,3.223231639,0.742566225,4.777326285,2.32739078,3.31103086,3.461122239,-3.484463733,-4.192979721,-6.016460946,0.499601554,1.77956019,1.850877928,3.879351748,4.69699252,3.7110732,0.303697654,4.62813476,-2.500145821,0.129980081,1.549609072,0.834158698,3.410738133,5.561411366,1.59529283,0.107256161,-5.505489283,-2.615599863,-1.05353551,-0.60091944,-1.269562702,-0.163173017,-1.07426729,1.570578631,-0.076334649,-1.364175224,0.475051849,-15.20242331,-0.413697039,17.76149167,4.08718373,3.75186089
Brunei Darussalam,BRN,GDP per capita growth (annual %),NY.GDP.PCAP.KD.ZG,,,,,,,,,,,,,,,,-4.048254769,16.78336063,6.251750912,3.587966826,20.52185858,-12.46798732,-24.75641342,-0.892989076,-2.825312887,-5.568272689,-6.126239335,-8.571241153,-1.131393359,-4.418511929,-5.530349005,-0.263026647,0.048238528,-5.721048553,-3.192332183,-1.538384849,-1.125177116,-2.400642573,3.883352054,-8.761956332,1.96732668,1.251592456,-0.64060557,1.896876858,1.629718103,-1.675105363,-1.676952942,2.457846999,-5.375031958,-5.660952755,-3.724626985,0.808737711,1.911295621,-0.621623584,-3.468418672,-3.805754623,-1.680970268,-3.698643046,0.109331525,-1.098959078,2.726164868,0.065735388,-2.531238302,-2.416609684,0.339025329,3.350954174
Bhutan,BTN,GDP per capita growth (annual %),NY.GDP.PCAP.KD.ZG,,,,,,,,,,,,-0.759182926,-2.222390386,-1.930241314,1.638593074,-6.546261513,5.299031631,4.278527585,3.530276937,1.302018084,1.567272567,11.41235424,0.163366515,6.967470379,1.305282644,0.834782226,8.007457453,25.178805,1.677128074,4.248618374,7.442063156,-2.150867414,8.585607793,6.233890874,4.984815834,8.345745823,5.412245113,3.504183149,3.916779513,5.547664743,0.881596585,4.880426958,8.03559524,5.546187247,3.075106682,5.105979517,4.233833836,14.763141,3.355236093,6.482664061,10.71242084,7.304769409,4.006257826,0.614996701,4.745065436,5.583706035,7.424640568,1.211372391,2.762961028,5.054791532,-10.82261124,3.689353192,4.476615996,4.152909811,
Botswana,BWA,GDP per capita growth (annual %),NY.GDP.PCAP.KD.ZG,,3.971044226,4.248932682,3.473026665,4.32310983,4.267615644,5.754758708,5.36533774,9.99279382,14.51549598,16.47190753,23.69496704,21.91049372,15.72505381,3.553518253,3.187575208,5.085453593,6.259118615,7.646416964,5.618852741,7.717235397,5.409370658,7.800910598,9.159207714,4.786872271,3.469752495,4.565606848,8.288303374,15.93949343,9.962246371,3.876200609,4.570731782,0.062532147,-0.960421541,0.795369762,4.258811946,3.274997255,5.86002743,-1.757109772,7.323082453,-0.163772715,-1.791143,4.093208374,2.800973794,0.920692082,2.696606331,6.361425592,3.761895523,1.199231316,-15.89971491,7.821147002,4.755573266,-1.831759021,9.438710744,4.170990129,-6.199954095,5.693194554,2.645912606,2.720714349,1.576390917,-10.03323829,10.25964719,3.823630843,1.52893818,-4.563454906
Central African Republic,CAF,GDP per capita growth (annual %),NY.GDP.PCAP.KD.ZG,,3.003183764,-5.540014944,-2.631564353,0.053792796,-1.109750976,-1.466042803,2.414722086,-0.854278962,4.668623881,0.08912499,-0.945104881,-1.938738489,-0.044425483,4.30863077,-1.529332688,3.877000946,2.740406968,0.152767707,-3.504672537,-5.520997647,-2.651493651,6.471115642,-9.213614816,8.151421869,2.635707269,2.267614158,-6.181832208,0.030839094,-0.587024014,-5.143842846,-3.616018604,-9.349902202,-2.810544914,1.676435992,4.315230834,-6.456357747,2.445534632,1.897801366,0.804779829,-5.134014627,2.170718265,1.376905662,-7.634166428,3.726251828,-1.350125405,2.646526517,2.610653881,-0.099646317,9.305022202,5.470380966,2.550653269,4.009636894,-36.8245466,0.497506544,4.198780788,2.875987689,2.786113103,1.978031976,1.722901598,-0.744488615,-0.705468756,0.730965732,-0.362884525,-1.856057153
Canada,CAN,GDP per capita growth (annual %),NY.GDP.PCAP.KD.ZG,,1.121346226,5.448265632,3.354068029,4.663616232,4.409995477,4.789364634,1.227491493,3.327655696,3.648017849,1.490090907,0.996932007,4.301830889,5.431703721,1.924903928,0.07418618,4.5051043,2.330265155,2.708452172,2.703695749,0.867987094,2.147380471,-4.311284366,1.553432711,4.903554176,3.784974254,1.111381028,2.709173964,3.065761229,0.517573812,-1.296441312,-3.300299931,-0.296709576,1.535745755,3.355814432,1.625281261,0.631530882,3.248974856,3.034237692,4.289836655,4.163948495,0.774519407,1.887964846,0.895018581,2.135815602,2.237576616,1.602901477,1.064144878,-0.093342792,-4.020088097,1.951447447,2.136077171,0.658841957,1.253590103,1.848409523,-0.112369165,-0.098296362,1.809464472,1.280926597,0.429657601,-6.062406423,5.365287813,2.326415945,-1.377920786,-1.435279636
Central Europe and the Baltics,CEB,GDP per capita growth (annual %),NY.GDP.PCAP.KD.ZG,,,,,,,,,,,,,,,,,,,,,,,,,,,,,,,,-10.65134373,-4.626265922,0.272239185,3.707598555,5.861488745,4.712942408,2.426091767,2.806246706,2.066914792,4.533721113,3.759141102,4.220352229,4.324183167,6.165244103,5.19655154,6.912798641,6.736157989,4.335198079,-3.437130587,1.90713006,3.847234189,1.074497631,1.017570785,3.551553524,4.312163771,3.132787483,5.425846882,5.335142934,4.241094706,-2.695889029,7.620015786,4.175828642,0.658680359,2.091504041
Switzerland,CHE,GDP per capita growth (annual %),NY.GDP.PCAP.KD.ZG,,5.990640687,2.166890964,2.661028415,3.529461907,0.932190616,1.396156452,1.786888798,2.291765958,4.450762272,5.611701132,3.530693853,2.416617838,2.291967746,0.910020548,-7.242612985,-0.838489888,2.781502688,0.400068624,2.285905904,4.187453142,1.047028312,-1.884377097,0.208475013,2.639204614,3.21694498,1.329945974,0.949403324,2.521347168,3.490643171,2.615466107,-2.146489869,-1.139719075,-1.03142243,0.465686526,-0.188350818,0.028540643,2.015283221,2.724284792,1.179005702,3.376157482,0.934949672,-0.8262806,-0.771333118,1.998131976,2.093586728,3.422550628,2.991821978,1.509950755,-3.510558756,2.173637987,0.687339981,0.110596623,0.628360626,1.108693733,0.494129646,0.960131696,0.42132626,2.10552472,0.423089634,-2.854158236,4.754645193,2.192409289,-0.57412411,-0.334913231
Channel Islands,CHI,GDP per capita growth (annual %),NY.GDP.PCAP.KD.ZG,,,,,,,,,,,,,,,,,,,,,,,,,,,,,,,,,,,,,,,,,,,,,,,,,,,-4.281175019,0.438026517,-6.375650594,-0.13346876,1.829758277,-0.072685538,0.9480766,1.536350496,0.736021076,1.150233294,-9.223410358,9.603182035,5.043351293,3.420605233,
Chile,CHL,GDP per capita growth (annual %),NY.GDP.PCAP.KD.ZG,,3.346400062,1.823843413,3.576813332,0.463701102,-1.232605016,9.414433424,1.735312985,1.769129249,2.322658595,-0.010484914,7.771941976,-2.322262173,-6.559339637,-0.344988907,-13.63625494,2.01125751,9.459887192,6.410429542,6.838093015,6.585954533,5.163674431,-12.78280946,-6.325881858,2.436910151,1.985646603,3.784238394,5.059448801,5.622600773,8.558042383,1.885816116,5.979140256,9.718440449,5.038662653,3.506258035,7.667629189,5.612431246,5.964963676,2.835462953,-1.520358047,3.723618732,1.968751819,2.069918858,3.633015302,5.602919855,4.791828391,5.019521358,4.143862129,2.757556993,-2.110610427,4.79363748,5.181040333,5.141584313,2.327892561,0.783002086,1.113704459,0.529833517,-0.235110167,2.149881955,-0.962096016,-6.98113062,10.82455052,1.648778132,-0.019613226,2.094154515
China,CHN,GDP per capita growth (annual %),NY.GDP.PCAP.KD.ZG,,-26.52764361,-6.351504864,7.622254461,15.46899542,14.19788901,7.608403928,-8.161497585,-6.571451614,13.77934034,16.05039929,4.159176201,1.290105971,5.327293014,0.218005667,6.816440506,-3.081321985,6.114001676,9.846156848,6.165663709,6.490112655,3.774903665,7.464964009,9.138919676,13.7305061,11.90129368,7.326756578,9.85242317,9.446171357,2.620859175,2.427626395,7.879667556,12.90737635,12.626827,11.80188817,9.832960544,8.829513659,8.174846274,6.890190161,6.8081876,7.734180165,7.528727371,8.513909502,9.434441278,9.479239432,10.80464855,12.04728189,13.55536635,9.109747066,8.859902054,10.06342432,8.864807476,7.127012723,7.063224657,6.786669879,6.358550264,6.165427182,6.246266187,6.258612325,5.692900601,2.096866673,8.473227172,3.147699821,5.524314947,5.106624828
Cote d'Ivoire,CIV,GDP per capita growth (annual %),NY.GDP.PCAP.KD.ZG,,5.994615481,-2.528157679,10.17136036,13.15807748,-6.783083268,7.345242412,0.627023698,8.256614775,5.273446949,5.901221996,4.821405898,-0.328982187,1.22493764,-0.331583693,3.4245336,8.410257642,3.445249626,6.807784974,-1.481689848,-14.40694196,-0.562326376,-3.751221867,-7.68099413,-6.510046278,0.442451456,-0.700892855,-4.11920013,-2.664156908,-0.95726163,-4.90939996,-3.856104741,-4.147324949,-4.084534298,-3.078440962,3.027185247,3.636037524,5.515900838,0.404815447,-2.076808836,-2.987892093,-4.737069576,-5.211739304,-7.071018377,0.712925867,-1.386648404,0.421959618,-1.224158705,2.426000244,1.326185181,4.519307455,-7.4042497,5.395835952,8.573224303,6.751698251,4.142329475,4.108583592,4.421612285,2.053348748,3.962447375,-1.816210617,4.447091986,3.756020846,3.81819303,3.40005196
Cameroon,CMR,GDP per capita growth (annual %),NY.GDP.PCAP.KD.ZG,,-0.365494073,1.124046704,1.499050602,1.289311908,-0.235078965,2.238360869,-12.99901493,3.767550108,2.270387258,0.433470229,0.752051371,-0.078416503,2.497853767,7.702932373,8.184072131,-7.993248471,10.84346962,18.72265714,3.104612791,-5.10455591,13.04342276,4.988058692,4.701533971,4.529044869,4.889900229,3.602456723,-5.075499882,-10.53431545,-4.654742472,-8.832387508,-6.573505025,-5.837375884,-10.51660436,-0.943945009,0.107723326,1.447546691,1.792140147,1.988754487,1.775113123,1.134427922,1.61992408,1.712959815,2.61581879,4.147820576,-0.550411135,0.995178502,1.440565001,-0.054684354,-0.318334275,0.000136421,0.496174365,1.723811615,2.087147191,2.568734064,2.401233687,1.457117227,0.647004976,1.115149469,0.636415291,-2.434760311,0.631351992,1.045029975,0.555787082,0.997232288
"Congo, Dem. Rep.",COD,GDP per capita growth (annual %),NY.GDP.PCAP.KD.ZG,,-13.11406462,18.08430236,2.461361361,-5.016419446,-1.740731566,3.773666307,-3.832656189,1.317731862,6.210181758,-3.053763459,3.146198445,-2.467218945,5.281190262,0.410907264,-7.467274382,-7.725695632,-1.755329617,-8.237376718,-3.038625574,-0.958869855,-0.58749877,-3.400141997,-1.752837083,2.072070867,-2.809014136,1.470460364,-0.511748732,-2.696747981,-4.337990991,-9.617485977,-11.4194978,-13.47298978,-16.50711396,-8.34247343,-3.394811215,-2.907651664,-7.121636697,-4.260881134,-7.431658833,-9.849659134,-5.152141467,-0.150938086,2.538250029,3.641201688,2.924531505,2.123634382,3.092933438,3.070145046,-0.275530333,3.74773144,3.42587695,3.570712873,4.853776617,5.820712178,3.443193633,-1.163125357,0.002329541,2.337633681,1.127913721,-1.48924363,2.816564591,5.469359924,5.125907589,3.272361748
"Congo, Rep.",COG,GDP per capita growth (annual %),NY.GDP.PCAP.KD.ZG,,5.587275556,2.481843757,-6.555024059,1.028503146,0.838471637,-1.467897268,-0.771226212,4.53871777,4.403152999,3.203721432,4.507745816,5.298013043,4.899456843,4.570410786,4.769797645,-1.516575228,-11.10449421,3.894310006,7.33056432,15.03423603,15.05477877,20.96643786,3.688872872,4.343522518,-4.054298781,-9.553474376,-2.69547987,-1.139593831,-0.322827327,-1.84268985,-0.475490065,-0.248600825,-3.866550329,-8.251412083,1.098995748,1.437715184,-2.726553284,1.481553605,-5.177963219,3.531791653,-0.041524211,2.140086357,-1.965648239,-0.000136349,3.941593182,4.017991197,-9.969451338,2.866984152,7.264282805,5.470469704,-1.062959103,6.915172731,-3.096943237,4.100279278,-1.982145875,-10.87005086,-7.86139426,-4.658139749,-1.279884403,-8.48578579,-1.374653895,-0.927744025,-0.528875413,0.148774114
Colombia,COL,GDP per capita growth (annual %),NY.GDP.PCAP.KD.ZG,,1.896464674,2.212350008,0.179781806,3.015246527,0.568603228,2.234048695,1.249768758,3.08645829,3.35663362,3.554921721,3.439262649,5.199581345,4.305004677,3.392681075,0.082694662,2.471434443,1.875442341,6.049063596,3.044484643,1.7393243,-0.05391628,-1.359665383,-0.784433798,0.989006834,0.902605417,3.661340327,3.225742436,1.954654466,1.312523121,2.148175876,-0.027131591,2.004133144,3.301958502,3.748406759,3.212513452,0.213941192,1.595789065,-1.2158753,-5.854880765,1.252702232,0.092072578,0.939608607,2.362829396,3.797158677,3.371110778,5.311743944,5.394467862,2.047990518,-0.031705102,3.314349367,5.808235034,2.875696275,4.141293878,3.570306654,2.069232271,1.081149257,-0.101221554,0.695264947,1.36014068,-8.509494776,9.592978284,6.187799537,-0.410230298,0.656437667
Comoros,COM,GDP per capita growth (annual %),NY.GDP.PCAP.KD.ZG,,,,,,,,,,,,,,,,,,,,,,0.976353617,3.476935954,1.940214107,1.242033476,-0.542040345,-0.929858108,-1.116130038,-0.051684507,-5.732291925,2.374582237,-7.671677453,6.300920291,1.142661517,-6.938862667,1.826860427,-2.976885725,2.253898673,-0.446707933,0.124064469,8.740015471,0.249670771,0.182415694,0.155146642,0.005542099,0.760068972,0.59725149,-1.189074217,1.919374307,4.390190646,2.738280864,3.792757407,4.19356651,6.648876649,1.659937488,-0.138354877,0.693560202,3.512927332,2.047302278,1.654156146,1.984627776,0.715538092,0.844578877,1.101386277,1.451231024
Cabo Verde,CPV,GDP per capita growth (annual %),NY.GDP.PCAP.KD.ZG,,,,,,,,,,,,,,,,,,,,,,6.948074943,1.31753289,7.921665197,2.31335741,7.122070088,1.426982654,2.852306624,4.526240667,4.124850248,-1.35290151,-1.010551365,8.447989795,6.396030487,16.78201035,12.06018386,9.390286197,9.265502337,10.72994073,9.545038899,12.57103826,0.682276166,3.729072616,2.781690963,8.820787356,5.646341529,6.748620618,13.90290286,5.936286693,-2.434955323,1.108679411,3.58680088,0.983345736,0.57909231,0.676815489,0.92263125,4.248162326,4.482210931,3.601523496,6.804495317,-20.89375234,6.62540766,15.15450811,4.868557899,6.751542021
Costa Rica,CRI,GDP per capita growth (annual %),NY.GDP.PCAP.KD.ZG,,-1.848922934,1.641672064,3.135609528,0.121033546,4.626846989,3.579715723,2.435516813,5.34280448,2.570735094,4.599300038,3.974673425,5.403672378,4.995260201,2.890291626,-0.48941343,2.812778188,6.076891948,3.476207277,2.14344166,-1.951375583,-4.887652629,-9.788830506,0.074678122,5.090573235,-2.007721245,2.714599438,2.030774508,0.804476561,3.037228799,0.969665371,-0.304259138,6.471889098,4.451878525,1.984493681,1.677539883,-0.997395703,3.119777621,4.857248572,2.075980887,1.87355739,1.652931767,1.722959919,2.727286944,2.900675182,2.484278972,5.834025475,6.759794981,3.327341149,-2.189366862,4.061343259,3.183092788,3.665968605,1.360034895,2.434994988,2.5566433,3.156070578,3.178719703,1.691934104,1.562556413,-4.934442272,7.388232264,4.103454958,4.62275387,3.82533391
Caribbean small states,CSS,GDP per capita growth (annual %),NY.GDP.PCAP.KD.ZG,,7.358157669,3.101507278,0.114304924,5.958989998,4.947387386,4.917385059,4.639221855,4.23868942,4.069667566,0.415826322,0.88862824,-0.150562716,1.545647112,-3.716014055,-2.517585784,4.517402294,5.92916297,7.181312818,6.660524652,4.409616918,-0.365709805,-0.157569808,-4.361926241,1.147466539,0.273454056,0.457287952,-0.626530418,1.000416201,2.499420411,-0.832678646,-0.607894054,1.390359577,-0.31270398,2.570394065,2.227161926,4.018476782,3.733750517,4.077780264,4.286389315,3.875627446,1.375488396,3.208595465,5.311237664,3.94382061,5.203478157,7.235155793,3.211541751,1.067400524,-3.883736247,1.249276179,0.187680416,3.729158526,0.773774608,1.871044868,-0.770911745,-3.631551226,-1.351394221,0.277508967,0.113349961,-9.442779322,6.00683695,14.55415214,8.46304533,12.86598368
Cuba,CUB,GDP per capita growth (annual %),NY.GDP.PCAP.KD.ZG,,,,,,,,,,,,6.713039352,3.162973172,1.96559204,-0.295887688,8.257564845,4.41990474,7.83970876,5.898601148,0.556254941,-5.251606773,19.14728141,8.222039023,4.584882776,7.04820773,0.757183026,-0.754948781,-3.262393137,2.738891871,-0.282037912,-3.848224658,-11.40798781,-12.13937053,-15.31183669,0.300685046,2.088264312,7.478225038,2.447690006,-0.174678072,5.828937117,5.563154079,2.860747197,1.122781327,3.49676185,5.494101958,10.96668512,11.90692375,7.179252426,4.075427545,1.424745097,2.365972366,2.764442102,3.00028175,2.793146233,1.158528832,4.537537855,0.597183645,1.970754703,2.436568386,0.053218664,-10.73800174,1.746990472,2.348789668,-1.574383591,
Curacao,CUW,GDP per capita growth (annual %),NY.GDP.PCAP.KD.ZG,,,,,,,,,,,,,,,,,,,,,,,,,,,,,,,,,,,,,,,,,,3.007946013,0.274293371,-1.758681697,-1.505340183,-1.858439975,-0.940961791,0.466173824,0.910342295,-1.176896518,-1.176268627,-0.909566648,-1.17256195,-1.755807825,-1.967466527,-0.858779915,-2.111162107,-1.59116273,-1.588630519,-2.041096052,-17.12567014,5.946443256,9.63038739,0.320174531,
Cayman Islands,CYM,GDP per capita growth (annual %),NY.GDP.PCAP.KD.ZG,,,,,,,,,,,,,,,,,,,,,,,,,,,,,,,,,,,,,,,,,,,,,,,,0.141681726,-3.209286103,-9.787750915,-5.378866453,-1.572760208,-1.480998287,-1.343519612,0.086458426,0.360803237,0.85449284,0.889645894,2.044071292,1.776418229,-6.832628429,2.774150907,2.978027288,2.292143288,
Cyprus,CYP,GDP per capita growth (annual %),NY.GDP.PCAP.KD.ZG,,,,,,,,,,,,,,,,,21.24487058,16.34797571,7.378353879,9.054348309,4.610636027,0.828828672,4.774509671,4.715044352,7.35775195,3.615237826,2.521405376,5.907272585,7.500786297,6.419513089,5.139970012,-1.834743087,6.527837798,-1.702631221,3.732202877,6.41553957,-0.352429769,1.196261991,4.817776796,3.829598196,4.844160506,2.838119513,2.541086671,1.38363255,3.630737857,3.35375226,2.981250844,2.884263899,1.076740411,-4.610482557,-0.357614019,-2.112937577,-4.907385497,-6.370080376,-0.688973313,4.009420119,6.08587845,4.771721613,4.983193427,4.448955603,-4.311453246,10.35516642,5.754606163,1.167756018,2.034048295
Czechia,CZE,GDP per capita growth (annual %),NY.GDP.PCAP.KD.ZG,,,,,,,,,,,,,,,,,,,,,,,,,,,,,,,,-11.40250603,-0.60821363,-0.042053108,2.872143537,6.286554619,4.289887594,-0.488660018,-0.298733211,1.481997834,4.302739523,3.30462713,1.709469589,3.330406374,4.704468201,6.227986282,6.334832682,4.875046702,1.764708729,-5.339173999,2.415829489,1.562186191,-0.909418388,-0.074962995,2.137627553,4.752624064,2.384054255,4.894550195,2.486987701,3.158748029,-5.534919698,5.931069689,1.244094732,-1.820884038,0.95198948
Germany,DEU,GDP per capita growth (annual %),NY.GDP.PCAP.KD.ZG,,3.498576338,3.707412953,1.788485819,5.784319143,4.35005058,1.957721564,-0.784914891,5.199889094,6.569663106,4.75408787,2.943650237,3.802475983,4.448017195,0.850760292,-0.49643425,5.400212155,3.581437065,3.098181653,4.104331311,1.198693929,0.376242549,-0.300057827,1.839034163,3.178987242,2.556883534,2.240535053,1.246499668,3.302863712,3.096180023,4.351639068,4.34522004,1.241463898,-1.622161374,2.242334868,1.207514851,0.746098645,1.705899108,2.080701486,2.064126653,2.73801196,1.46570629,-0.395913755,-0.584983686,1.184332713,0.942994667,3.972948912,3.02778239,1.102459658,-5.30552819,4.306441058,5.699283115,0.285850077,0.112643841,1.744463942,0.776507672,1.472292617,2.332865961,0.813017363,0.760402195,-4.173453235,3.626128709,0.641609114,-0.389988691,0.228526174
Djibouti,DJI,GDP per capita growth (annual %),NY.GDP.PCAP.KD.ZG,,,,,,,,,,,,,,,,,,,,,,,,,,,,,,,,,,,,,,,,,,,,,,,,,,,,,,,5.28018026,5.458368313,5.333315297,3.73971531,3.108615401,3.913784409,-0.306867603,2.911698993,3.700803899,5.896169285,4.523430347
Dominica,DMA,GDP per capita growth (annual %),NY.GDP.PCAP.KD.ZG,,,,,,,,,,,,,,,,,,,10.05240643,-18.6222491,13.19080479,10.97662573,4.554577234,3.014076358,4.643476611,1.861992082,7.580187883,6.880837227,8.450317479,0.456206304,6.21436795,1.831863796,1.986739928,2.002506484,-0.028870663,3.042727562,3.191843063,2.349304013,4.036950202,0.724195697,2.876485595,0.262504887,-3.199405747,5.551755221,3.918904013,0.790489439,4.291527701,5.29519444,7.110421755,-1.150107905,-0.098357311,-0.238324807,-0.251285852,-0.851878257,1.378365033,-3.424159288,2.619035144,-6.046090042,3.450331076,4.398314737,-15.32343686,5.961605599,11.0179611,4.1446789,2.522885519
Denmark,DNK,GDP per capita growth (annual %),NY.GDP.PCAP.KD.ZG,,5.638743553,4.847446966,-0.152610055,8.400119265,3.743684868,1.919198017,5.054685535,5.210487956,6.210158428,1.09350098,2.463328729,3.20557958,4.08838515,-1.42430005,-1.693694785,5.727321235,1.668295313,2.09938386,3.798026805,-0.872046504,-0.712787651,3.968481475,2.725317316,4.3940089,4.11088238,4.593442065,0.335785646,0.224236933,0.636785442,1.49524829,1.195218962,1.686008144,-0.411249993,4.939707944,2.50262819,2.315081165,2.740638967,1.955365921,2.627163762,3.377907202,0.588959729,0.136096483,0.168251993,2.511087448,2.078014853,3.475859873,0.540321532,-1.00055941,-5.48158281,1.132669383,0.894526404,-0.380977125,0.97084591,0.765766155,1.385666322,2.271801518,2.395590651,1.356196002,1.347792453,-2.066138377,6.91766402,0.743682018,1.738313259,3.155127057
Dominican Republic,DOM,GDP per capita growth (annual %),NY.GDP.PCAP.KD.ZG,,-5.351001299,13.45829799,3.286968122,3.581686152,-15.0185757,10.19748662,0.332269289,-2.61266921,7.78417731,14.94119747,7.809572175,7.364916641,9.818685739,3.155238204,2.429822538,3.975081456,2.31471836,-0.415491865,1.954286163,5.342621796,1.802505557,-0.648782134,2.242824968,-1.029940615,-4.274242702,1.303784503,7.799256366,0.021884775,2.215391321,-7.422538424,-1.111941032,9.03255738,5.287127634,0.644106083,3.737961158,4.051426229,7.018621584,4.955955903,4.252340984,2.96955696,0.870183147,2.929020941,-2.759645685,1.185383834,8.006607143,7.813763189,6.11794398,2.000882707,-0.2689266,7.02231183,1.890382524,1.502100746,3.664234009,5.847606957,5.76452491,5.540409787,2.809319218,5.953142055,3.815726823,-8.884672217,12.83190804,4.232891968,1.285648258,4.067342605
Algeria,DZA,GDP per capita growth (annual %),NY.GDP.PCAP.KD.ZG,,-15.1207305,-20.85489569,32.2809169,4.121494781,4.608011492,-6.499365124,7.021413668,8.302379603,5.992429921,6.432002329,-13.3141205,24.52577977,1.39498097,4.92107056,1.393255326,3.561128727,1.504856631,6.151924884,4.321533844,-2.299757868,-0.287791268,2.910988912,1.88412407,2.056225855,0.229398497,-2.852962704,-3.657040952,-3.734412505,1.679982859,-1.66808065,-3.527129476,-0.649140042,-4.427459048,-3.068508375,1.674745172,2.081849895,-0.767068614,3.43950504,1.776942418,2.35726435,1.595178144,4.007050315,5.093332127,3.050861482,3.868902142,1.326188949,1.393468337,0.652527944,-0.720420575,2.779219082,1.003992371,0.379563284,0.54874363,2.00005201,1.099620619,1.785940647,-0.541667024,-0.54601958,-0.939992962,-6.612475097,2.132636327,1.968251881,2.551203019,1.865519889
East Asia & Pacific (excluding high income),EAP,GDP per capita growth (annual %),NY.GDP.PCAP.KD.ZG,,-13.39333319,-1.978671946,3.793635578,8.162045718,8.149180719,5.127175283,-3.957768541,-0.885988362,8.451044247,10.459652,3.958707077,2.349407215,5.783954037,1.723800595,4.72045703,1.001897043,5.77891048,7.487743897,5.345351185,5.835969908,3.945390781,4.650826127,5.876032582,8.281028371,6.210745375,5.369981642,7.293949326,7.886956389,3.937425985,3.469848807,6.448643689,9.674053979,9.800796859,9.466412073,8.504969649,7.723921807,6.061737911,1.787518045,5.305425089,6.658107383,5.97563938,7.197854459,8.104902538,8.26460246,9.169699028,10.19123639,11.56673485,7.803868561,7.204867178,9.085818426,7.73841651,6.643057794,6.401042595,6.155751451,5.848668179,5.716439816,5.861677762,5.854548574,5.304752203,0.887897595,7.381366627,3.302392945,5.059420698,4.786388941
Early-demographic dividend,EAR,GDP per capita growth (annual %),NY.GDP.PCAP.KD.ZG,,2.131580482,1.38462182,2.646758795,5.596316237,3.537742538,1.82469322,3.077681895,4.595247984,4.139595944,5.773473795,2.951256256,4.283360332,4.441191148,4.290474972,0.374605932,4.388040619,1.463108934,-0.264398423,1.620150638,0.826037876,1.061489204,-2.133993016,-1.993161984,-0.484330833,-1.446466681,-1.042300032,0.39475117,0.686312975,-0.0381274,2.496401791,1.890644195,1.818311037,1.418366342,1.402024268,0.45494108,3.60424085,2.817410102,0.46126916,0.400429704,2.42766265,-0.715054607,0.135473917,3.378327271,4.374309545,4.129668101,4.324131954,4.002505468,1.816549497,-0.849023375,4.868949756,3.362821425,2.661990642,2.568634703,2.707307855,2.989455932,3.024512913,3.337605836,2.582037587,1.14300022,-5.372724644,6.379585698,4.781148745,3.39061731,2.396518727
East Asia & Pacific,EAS,GDP per capita growth (annual %),NY.GDP.PCAP.KD.ZG,,3.588720078,3.995875551,5.196570158,7.865536747,4.515138544,5.876510741,4.776264415,6.652742612,8.662050499,1.283493094,2.564805089,4.67577888,5.303209106,-1.049088844,1.667585176,2.460735508,3.597281677,4.206527867,4.325036931,2.229070188,3.069641091,2.474466313,2.755424013,4.58154987,4.119513325,3.298364877,4.56314846,5.885474997,3.516073086,3.500717881,3.379090918,2.878728188,2.898721829,3.932419349,4.402859624,4.372132817,2.878512799,-0.626775624,2.731320459,4.449091052,2.392481428,3.561079998,4.175175093,5.101411388,5.173050184,5.687159118,6.674424609,3.650315721,1.892031967,6.866517587,4.691825935,4.351328514,4.438266853,4.008684431,3.97108642,3.913296529,4.311342336,4.154921945,3.506054708,-0.461919731,6.084279265,2.795549326,3.982849745,3.724979872
Europe & Central Asia (excluding high income),ECA,GDP per capita growth (annual %),NY.GDP.PCAP.KD.ZG,,,,,,,,,,,,,,,,,,,,,,,,,,,,,1.869725587,-0.103438145,1.527008525,-5.579974291,-5.568935366,-2.682291831,-10.39866174,0.562966288,3.508643787,5.269130942,2.14444668,-1.47921994,6.336012545,-0.533742278,5.937989215,6.117356862,9.035721093,8.007852942,7.673055238,6.865155578,2.361407167,-4.188834494,6.197093149,7.55037316,3.189719638,5.574993279,2.436774611,2.656241871,1.858314492,4.900465382,2.605626616,1.400459914,-0.424214115,8.383631122,3.660424503,5.829835479,3.15851843
Europe & Central Asia,ECS,GDP per capita growth (annual %),NY.GDP.PCAP.KD.ZG,,3.985959147,3.510834649,3.678857313,4.641357686,3.331029605,2.822345658,2.499974423,4.46583677,5.028133757,4.19293814,2.929766301,3.796881363,5.076955702,1.456574267,-1.545054499,3.6653855,2.165725879,2.389279241,3.028177581,0.788401176,-0.131334519,0.361610753,1.362971018,2.051244566,2.13842997,2.108893051,2.442603145,3.55344322,2.870322761,1.755854486,-0.276857008,-1.10577506,-1.09052587,1.004460166,1.972114747,1.623027589,2.949569055,2.494104702,2.794293775,4.250362885,2.106261946,1.382899418,1.545804407,2.89508987,2.418362134,3.6018692,3.352046094,0.591063122,-4.811942029,2.251309553,2.145123543,-0.085511364,0.486995737,1.527247058,1.648020631,1.425085165,2.47694734,1.717775898,1.495579202,-5.587582718,6.682238151,3.261146148,1.006168432,1.206913336
Ecuador,ECU,GDP per capita growth (annual %),NY.GDP.PCAP.KD.ZG,,2.198412214,1.962443344,-0.801582912,4.31632846,0.275625276,-3.254054072,1.548657886,-1.088674276,1.593993298,3.744086195,3.196649867,1.977919397,10.67899815,8.049343646,7.859212668,4.424167121,-1.174705031,2.846298229,0.958252304,0.95262702,2.829487621,-2.006915493,-2.919859704,-0.025123421,1.296518132,0.919413935,-2.638489681,3.44155915,-1.272792275,1.385095286,2.062664351,-0.013416493,-0.07594158,2.260371679,0.326536599,-0.166942955,2.418600873,1.411645553,-6.416927561,-0.648225388,2.418207639,3.109353937,1.085416927,4.976625491,3.591033747,2.563601111,0.176823126,4.763183263,-0.618743696,2.299025938,6.715249311,4.112337995,5.617805735,2.744123065,-1.30274985,-2.125508822,4.361954674,-0.67455896,-1.512531548,-10.31083392,8.577895442,5.02829597,1.102305913,-2.840963263
"Egypt, Arab Rep.",EGY,GDP per capita growth (annual %),NY.GDP.PCAP.KD.ZG,,2.477234551,1.17722365,7.650444433,8.643032605,2.275699812,2.446320892,-1.667621407,-3.99804502,2.747150737,3.120880495,1.680441967,0.710927875,1.153044275,-0.761728937,6.40124367,10.66021691,6.452936273,5.994919835,1.966394781,7.178382462,4.50284338,6.922195896,2.062096053,6.49013274,2.689522147,1.792516627,0.99264787,2.569571495,2.103224766,2.616303255,-1.624516194,2.006077204,0.5537639,1.757532835,2.463571015,2.834345438,3.328464501,3.293891086,3.714036709,4.096090577,1.359552116,0.258696268,1.053582468,1.965246839,2.380324618,4.777512979,5.085467278,5.173810699,2.715525921,3.149778512,-0.354646268,-0.042967018,-0.143233881,0.599558564,2.20415858,2.244973756,2.120154772,3.351667532,3.715840886,1.881119759,1.762204843,5.01555865,2.023158424,0.639636335
Euro area,EMU,GDP per capita growth (annual %),NY.GDP.PCAP.KD.ZG,,4.814250787,4.860967576,3.988215297,4.920778895,4.142369739,3.563206828,2.736648578,4.961564244,6.406064168,5.009876278,3.169068023,4.184117349,5.529181956,2.716821554,-1.285032432,4.587387929,2.691295223,2.676353272,3.471992407,1.731584435,0.143079321,0.436769784,1.185055018,2.23838307,2.116627613,2.270782405,2.253482276,3.968944275,3.660638847,3.114881776,1.936997377,0.69859835,-1.089254789,2.20548207,2.220083005,1.503281154,2.529715725,2.787804038,2.754834765,3.580484437,1.850343211,0.452670268,0.199200386,1.741154107,1.23619215,2.828259696,2.466863055,-0.085757607,-4.808144949,1.862006969,1.968234042,-1.130848033,-0.327215157,1.277385057,1.857711669,1.540643226,2.395995,1.460240837,1.442203282,-6.178944371,6.290734463,3.099617018,-0.037637744,0.623989347
Eritrea,ERI,GDP per capita growth (annual %),NY.GDP.PCAP.KD.ZG,,,,,,,,,,,,,,,,,,,,,,,,,,,,,,,,,,9.954669941,17.55363561,-2.79691786,3.961504729,6.721813646,0.452407593,-1.449176033,-4.618371338,5.695711544,-0.476857823,-6.594920166,-2.623890351,0.148823405,-2.518213455,-0.041769605,-12.12484316,1.302578156,0.205918878,6.747982979,,,,,,,,,,,,,
Spain,ESP,GDP per capita growth (annual %),NY.GDP.PCAP.KD.ZG,,10.80448686,8.94647029,8.639492989,4.267245417,5.105632144,6.153434725,3.064126596,5.212172291,7.839083051,3.093598922,3.395927031,6.962193115,6.604025765,4.471068199,-0.539096521,2.217772421,1.785657127,0.490728283,-0.836528081,1.391315414,-0.839887496,0.640409182,1.275514678,1.362897155,1.951329092,2.945279391,5.273762975,4.871691997,4.66281524,3.675767947,2.285324689,0.436115156,-1.543358351,1.896906947,2.304957026,2.180923903,3.154053677,3.871218305,3.986528773,4.731300329,3.200316848,1.314141205,1.094411583,1.350586884,1.816577328,2.299515013,1.634639807,-0.827648477,-4.616729629,-0.36566009,-0.992358605,-2.928158978,-1.070170182,1.833966462,4.147011936,2.835771241,2.646170611,1.93406292,1.233037412,-11.39312905,6.493367388,5.418773892,1.482561028,2.179654085
Estonia,EST,GDP per capita growth (annual %),NY.GDP.PCAP.KD.ZG,,,,,,,,,,,,,,,,,,,,,,,,,,,,,,,,-7.536694459,-19.71743315,-3.282449713,0.483692726,6.409660007,6.502782208,14.34721605,5.346902251,-0.717824691,9.556422589,6.557319678,7.612500411,8.273723957,7.441089885,10.15160233,10.41170436,8.062766014,-4.870579153,-14.46549815,2.683661651,7.93414725,4.04377186,2.119282,3.594115908,1.77141702,3.063010903,5.506857314,3.339409364,3.341963617,-3.075480078,7.040926485,-1.268031117,-4.540800666,-0.384590772
Ethiopia,ETH,GDP per capita growth (annual %),NY.GDP.PCAP.KD.ZG,,,1.730032498,1.859329144,1.385976927,2.969703359,4.496695299,1.350057244,1.304529088,-1.362624126,0.669468375,3.654823536,1.479066967,2.349694,0.636585362,-1.198523415,-2.348154894,0.765606088,1.012211302,-2.556754107,5.837271678,1.793008426,-2.926023467,5.253798111,-5.343314795,-13.61186958,6.466920861,10.04511873,-3.345181998,-4.115696911,-1.006468893,-11.07379301,-12.43548152,9.234798534,-0.34043745,2.57532696,8.776856914,-0.119280617,-6.442885647,1.927172415,2.868066187,5.065304322,-1.528858941,-5.072886523,10.22181511,8.550898627,7.626536948,8.237707078,7.627867427,5.756385597,9.404344878,8.061416761,5.643743768,7.616614545,7.338618592,7.468076766,6.509914561,6.6186207,3.974075459,5.48664148,3.223115995,2.855657631,2.595399676,3.854750252,4.579667789
European Union,EUU,GDP per capita growth (annual %),NY.GDP.PCAP.KD.ZG,,4.854724925,4.816260191,3.901937423,5.043014157,4.374913249,3.467630206,2.785099081,4.831800284,6.296671674,4.934011395,3.083515723,4.067921167,5.39767304,2.578477162,-1.181492131,4.336633427,2.449410401,2.574435951,3.429054554,1.598211933,0.131748009,0.50960433,1.179160039,2.296619145,2.078140701,2.301545939,2.246077651,3.791880964,3.534017907,2.947728682,1.167246405,0.608793196,-0.918285947,2.445825715,2.530741003,1.750388636,2.530518679,2.844038841,2.834555551,3.809737936,2.025870626,0.859833017,0.56636092,2.20315112,1.610350987,3.215674268,2.781994786,0.286208661,-4.554488241,2.022781932,2.116940241,-0.908994195,-0.116089307,1.5157611,2.169242191,1.743580939,2.645393366,1.823370823,1.744814138,-5.56508756,6.51053649,3.150937905,0.070476063,0.85494516
Fragile and conflict affected situations,FCS,GDP per capita growth (annual %),NY.GDP.PCAP.KD.ZG,,-2.278289935,5.557852916,4.12398787,2.879877948,3.978577933,-1.333818936,-7.818668611,3.829165128,10.51994333,9.696689826,5.199556299,1.441637423,1.513259577,8.38248433,-2.414039281,6.485738854,2.561955115,-2.591409733,3.665940601,2.907810904,-8.535756046,-3.004016266,-6.830496394,-3.447007626,1.857615698,-2.39279325,-0.831673109,1.335782962,-1.256370654,2.364116655,-8.086707356,-2.290283466,-4.546600784,-6.077084189,-2.928488694,1.083792793,2.280323491,2.555789621,0.698407008,3.047323849,1.774989068,2.261210754,-1.381414922,8.647805045,3.337849192,3.281670495,3.520987629,2.548368371,0.488536449,4.426169073,-2.354581357,3.050981331,1.02017472,-0.007888534,-1.396498549,-0.081852861,0.323253906,0.52324052,0.086223849,-7.11051082,0.223556596,-0.663208703,-0.029363886,-0.670309092
Finland,FIN,GDP per capita growth (annual %),NY.GDP.PCAP.KD.ZG,,6.847965181,2.284048567,2.557472364,4.654852826,4.952389127,1.989846976,1.617028866,1.845006207,9.656904148,7.878214458,2.227824483,7.096152838,6.377979319,2.697458172,1.35402497,0.042351873,-0.040505847,2.624625887,6.848494327,5.061714302,0.858289196,2.510750176,2.491186337,2.676420288,3.109120287,2.421897398,3.267722349,4.925661656,4.705240792,0.246189468,-6.393248776,-3.853152952,-1.258736409,3.517200008,3.837309259,3.323161494,6.081768031,5.174688913,4.147257217,5.534413799,2.406829022,1.441154092,1.768835203,3.703837503,2.42615654,3.621134972,4.865721372,0.316320526,-8.514604664,2.697376651,1.916853383,-1.99029083,-1.434901576,-0.888801632,0.136127694,2.277543731,3.061231693,1.058843157,1.238120975,-2.630998553,2.4637305,0.489394589,-1.440138245,-1.098312364
Fiji,FJI,GDP per capita growth (annual %),NY.GDP.PCAP.KD.ZG,,0.412843179,0.446440451,3.069443851,1.66270756,-5.634443517,-2.85968587,10.53753338,5.56132958,0.469807914,10.49804184,4.926896271,5.654216286,9.871880023,1.106488862,-0.93906121,1.046861217,3.730145548,-0.514056395,9.580421475,-3.919850812,3.823888319,-8.204434864,-6.246279586,5.803890161,-6.85988399,5.484307095,-8.012796095,-0.129653528,6.369743381,4.842992887,-3.491227009,5.331284668,1.480969575,4.517881994,1.989902095,4.142481601,-3.205529217,0.053366543,7.548278426,-2.761542905,0.957064444,2.183332708,0.039650228,4.326924359,-0.214469574,0.93893276,-1.67524974,0.410201584,-1.803433361,2.595062332,2.416035255,1.19750022,4.570320823,5.461610241,4.388232658,2.380116253,5.400034926,3.991072632,-0.334080464,-17.04447036,-5.062410641,19.43950686,6.974770196,3.310403901
France,FRA,GDP per capita growth (annual %),NY.GDP.PCAP.KD.ZG,,3.725257225,5.803779677,5.138222823,5.297171293,3.80721123,4.302799208,4.046078094,3.653097654,6.23390917,5.238214749,4.342721732,3.623891432,5.751778022,4.000455763,-1.593584727,3.944145636,3.089669219,3.425061771,3.231677573,1.134990205,0.589285106,2.069072548,0.717848547,1.114328102,1.062652353,1.867515398,1.997300052,4.210032859,3.783751695,2.268451183,0.729685951,1.011742832,-0.791444096,2.000928884,1.932917618,1.035285029,2.161935896,3.069970187,2.867285695,3.428690297,1.159327128,0.335619014,0.257866805,2.117365434,1.125353714,2.001311302,1.898567453,-0.178410661,-3.322124446,1.498724662,1.944335054,-0.299598729,0.26214455,0.519383765,0.70803059,0.594243752,1.787795494,1.282166037,1.688708441,-7.740567513,6.501552198,2.235989289,0.607649203,0.827702874
Faroe Islands,FRO,GDP per capita growth (annual %),NY.GDP.PCAP.KD.ZG,,,,,,,,,,,,,,,,,,,,,,,,,,,,,,,,,,,,,,,,,,,,,,,,,,-5.03061978,-0.105466831,3.80958188,7.640273568,5.95487802,5.035911585,-0.018524822,0.232465867,2.035038749,1.119361202,2.929852887,-3.085619797,4.043687319,2.361597138,1.525146256,
"Micronesia, Fed. Sts.",FSM,GDP per capita growth (annual %),NY.GDP.PCAP.KD.ZG,,,,,,,,,,,,-0.590187764,-1.597779532,30.35496872,12.23488075,-2.417625203,-1.999650111,-0.040596536,2.734718647,-1.010179313,-10.01743312,6.441391235,-5.49319732,-1.03232865,-6.702504951,13.26230659,4.98453719,-1.550998897,0.169399591,1.532934805,1.802622528,5.476473925,1.971639785,5.857970775,-2.366528007,5.893157516,-3.602139035,-6.366255671,2.567941739,1.0993985,4.493327397,1.875733973,0.472782028,1.719563567,-2.768416216,2.511722097,0.535265989,-1.077711698,-1.562799859,2.009854469,2.65591372,3.037190376,-2.041456613,-3.885555507,-2.553625405,4.313934826,0.15337714,0.449152479,-0.38941306,3.729603773,-2.234995239,2.445771809,-3.33022071,0.0218016,0.247352209
Gabon,GAB,GDP per capita growth (annual %),NY.GDP.PCAP.KD.ZG,,13.44925199,6.141959858,4.734369387,3.155948021,6.816135929,2.970908715,2.516746338,0.869934044,6.041054451,6.386636793,7.992832686,9.075662589,7.917071869,36.53751698,16.579152,32.53686673,-14.64237976,-25.89243401,-2.023076767,-0.052581559,2.360390148,-5.663584823,2.780014738,4.607261799,-4.980607104,-3.504423243,-19.41293515,9.749626876,5.583368863,2.348284803,3.269310105,-5.662450016,1.214851571,1.030218071,2.310933566,1.034276624,3.104929932,0.890580321,-11.22429689,-4.38717482,-0.517762469,-2.885012358,-0.505326252,-2.091088445,-0.262443846,-5.696083429,2.745244866,-6.372985013,-3.146830491,3.458350737,3.359376003,1.552307854,1.984806095,0.869784891,0.693296575,-0.79183198,-2.163617741,-1.688047436,1.382575991,-4.155280833,-0.845244789,0.747533659,0.217772009,1.17843756
United Kingdom,GBR,GDP per capita growth (annual %),NY.GDP.PCAP.KD.ZG,,1.923273934,0.244341082,4.077740547,4.910400213,1.476280889,1.009045689,2.223733112,4.960532959,1.516151486,2.2998747,3.073314274,3.968556151,6.318244968,-2.545877233,-1.466335211,2.93558911,2.491437797,4.198675439,3.655965801,-2.148387268,-0.822285283,2.031455598,4.186321304,2.107380205,3.911319186,2.911710321,5.168872186,5.497880562,2.310928826,0.433081124,-1.408485808,0.129933054,2.244410543,3.581967523,2.26078359,2.321125314,4.654759085,3.101775198,2.715292918,3.969485848,2.178659007,1.365632839,2.673143333,1.876632368,2.029702759,1.630905129,1.828877911,-1.03079046,-5.339273529,1.43505257,0.351039955,0.788536355,1.120609902,2.426506392,1.487878716,1.115433825,2.097827902,0.911082995,1.10286256,-10.44878941,8.186929194,3.877600166,-0.904567615,0.028702272
Georgia,GEO,GDP per capita growth (annual %),NY.GDP.PCAP.KD.ZG,,3.223694086,3.528061032,2.678212302,3.95314302,9.11237538,6.313020043,5.215962104,3.512400365,3.800716196,10.97504429,1.410434749,1.802055589,5.548862477,7.868985777,6.590866408,5.337210738,6.168159176,6.804188823,6.582968337,3.698676129,4.406613673,1.142470598,3.388973025,4.531567719,4.025229349,-8.987637796,0.448766892,4.515476912,-7.4372318,-14.76571662,-21.65294645,-45.32488376,-29.84145333,-9.008201647,6.525214338,15.31283525,14.12324474,5.684291063,5.005584538,3.840180243,6.445785293,6.424652844,11.80961069,6.449849939,10.28957852,10.04529667,13.16435095,2.733234671,-2.791181048,7.024283669,8.803628873,7.366752155,5.449782655,4.041627523,3.188392949,3.388353283,5.145826776,6.103447451,5.561671659,-6.354787152,11.06507801,10.84220881,7.745685517,10.66864454
Ghana,GHA,GDP per capita growth (annual %),NY.GDP.PCAP.KD.ZG,,0.520685688,1.630247159,1.942107836,-0.194917693,-1.034079593,-6.533876773,0.615684861,-2.04471137,3.387803661,6.829372391,2.344423872,-5.193760487,-0.04300272,3.797699031,-14.93070656,-6.26728026,-0.696657028,5.230090892,-5.446952129,-2.424238825,-6.176507948,-9.589268901,-7.391096171,5.87864947,2.85582117,2.909236903,2.419514454,3.120643535,2.493215689,0.725670862,2.662047116,1.329045779,2.292420637,0.846121792,1.684027146,2.187619536,1.74682049,2.184415211,1.88223264,1.127061176,1.266924337,1.665263905,2.397606595,2.839829959,3.158610995,3.669508041,1.691717775,6.414669925,2.260688935,5.306175082,11.33704178,6.679747406,4.757963385,0.452244094,-0.20832582,1.047044067,5.780945858,4.018953383,4.390631335,-1.468308017,3.0380027,1.830512477,1.190223042,3.721742988
Gibraltar,GIB,GDP per capita growth (annual %),NY.GDP.PCAP.KD.ZG,,,,,,,,,,,,,,,,,,,,,,,,,,,,,,,,,,,,,,,,,,,,,,,,,,,,,,,,,,,,,,,,,
Guinea,GIN,GDP per capita growth (annual %),NY.GDP.PCAP.KD.ZG,,,,,,,,,,,,3.486860774,0.558272825,-0.123846957,3.54558722,1.255117983,6.253360708,-4.844827074,5.11641711,-2.829979326,0.809803806,-1.265591407,-0.224948721,-0.819462074,-0.825607745,2.561754734,0.598439369,0.681986046,3.56332434,1.339109042,0.780380008,-1.413054264,0.026911659,1.893325813,0.899451721,1.725039475,1.547069936,3.04206464,1.712557662,1.511807928,0.512194742,2.309470745,3.538704716,-0.996648465,0.172593566,0.957366357,-0.903894697,4.373078215,1.644173882,-3.507583027,2.267130393,3.028260488,3.34759059,1.435321962,1.156309675,1.230534126,8.012162454,7.515899921,3.687008739,2.946402444,2.066949976,2.969210094,1.42306328,2.975025025,3.166839784
"Gambia, The",GMB,GDP per capita growth (annual %),NY.GDP.PCAP.KD.ZG,,,,,,,,-2.714353348,6.549280861,-0.413907463,3.183552147,-2.897406849,-2.642971964,6.075716851,2.806415095,9.108424356,4.117650684,0.21947324,2.916598387,-4.572226506,2.677891817,-0.202478175,-4.215356834,6.867832117,-0.365477668,-4.651358504,-0.00087885,-1.62495398,0.26947437,1.582125335,-0.696506329,-1.135786115,-0.738385254,-0.696495507,-3.017113933,-2.077391367,-0.690360719,1.963574159,0.63639654,3.484664974,2.650214562,2.97441795,-5.812879006,4.030268925,4.164563977,-5.03011453,-3.352217018,0.096337244,3.21187607,3.612386872,2.873509505,-10.77726091,2.186458971,-0.096616308,-4.172586098,1.251372481,-0.701007891,2.208075467,4.667874305,3.74848296,-1.763187113,2.793045884,3.073814015,2.413403442,3.365758653
Guinea-Bissau,GNB,GDP per capita growth (annual %),NY.GDP.PCAP.KD.ZG,,,,,,,,,,,,-4.20896064,6.302508145,0.054461662,1.059374386,1.611750837,-1.591029953,-13.12664119,5.995061972,-1.510669259,-16.90896153,16.32592969,2.561521961,-4.920311624,7.38932319,2.521313581,-2.363198322,1.264012773,2.912407147,4.357715656,4.369567981,2.88417399,-1.832953711,-1.21630082,0.054379427,1.797525072,9.298192364,4.488867862,-23.87785234,14.62072056,-0.908641385,2.581705484,1.400140437,-2.516331369,-1.133850312,4.089957831,0.22059108,0.037650317,1.9208276,-0.124226604,2.91052834,5.2802733,-4.292389185,0.543365079,-1.653583366,3.440719781,2.817656989,2.144543054,1.32710524,3.12319463,-0.182995607,2.907244466,3.243892448,2.144320264,2.52743179
Equatorial Guinea,GNQ,GDP per capita growth (annual %),NY.GDP.PCAP.KD.ZG,,,,,,,,,,,,,,,,,,,,,,0.674385038,-3.813396498,-1.479252507,-4.934160673,6.858533107,-6.959338153,0.038511224,-1.344232839,-4.938856964,-5.376483093,-4.630318175,29.85088629,6.99994948,12.40300837,13.14148652,60.34109227,140.4905779,19.0314989,20.81610794,12.15163396,53.23568808,12.25859742,7.247865427,30.01629767,10.90120344,3.031055582,10.19689757,12.53267335,-3.220460295,-13.01517184,1.999057628,3.988003868,-7.888560394,-3.430585953,-12.49171427,-12.0971099,-8.94053555,-9.370419052,-8.52391282,-7.358746574,-1.5665204,0.661786259,-7.349844197,-1.490351685
Greece,GRC,GDP per capita growth (annual %),NY.GDP.PCAP.KD.ZG,,12.30979242,-0.231360587,11.43081132,9.01366254,10.2510619,5.711672028,4.812396821,6.50858572,11.15673556,8.682287825,7.374326688,9.446392004,7.602608733,-6.782085978,5.373056164,5.205082903,1.610301476,5.865272709,2.002456988,-0.306898947,-2.432461069,-1.740252338,-1.652402526,1.503672168,2.112294853,0.185737959,-2.585123274,3.909777327,3.259729565,-1.052232898,1.869834177,-0.066299027,-2.177150508,1.4905588,1.623824959,0.936690833,3.093102605,2.865261593,2.265872468,3.712729718,4.107765145,4.300106458,5.544646866,5.117469495,0.887221298,6.124193827,3.24351377,-0.207784152,-4.37113631,-5.815205242,-9.743341609,-7.834089434,-1.560896297,1.465856551,0.431225576,0.384851865,1.674020149,2.271951322,2.38497558,-9.001164553,9.984684958,7.084329926,2.639880388,2.436955089
Grenada,GRD,GDP per capita growth (annual %),NY.GDP.PCAP.KD.ZG,,,,,,,,,,,,,,,,,,,6.120209914,6.503389361,0.466833199,2.058850586,3.759099089,3.015896243,2.971985244,5.303765106,6.442285838,8.27409897,2.147732899,2.916617831,3.142692415,0.544631078,-1.640615702,-2.705744962,0.948143797,1.410717423,3.724231256,4.308363217,10.99870379,6.179209602,4.181221838,-2.510210333,3.039428951,8.981416698,-1.046412742,12.85192134,-4.344879916,5.751852754,0.607094088,-6.913786905,-0.807153746,0.321541247,-1.764869045,1.708962955,6.735495934,5.940268306,3.330520483,4.160022955,4.133216552,0.424779227,-14.02348962,4.376164624,7.114200995,4.529556403,3.581587099
Greenland,GRL,GDP per capita growth (annual %),NY.GDP.PCAP.KD.ZG,,,,,,,,,,,,11.14456574,3.759157594,5.280208854,4.638514053,0.443324336,5.746010903,9.48317956,6.447679456,4.014947485,7.377089855,-0.913783637,-5.3476253,2.265770788,-6.259164458,2.682173817,6.496776999,4.345640619,4.254659476,5.695173011,-12.19586644,0.066511145,-4.768523541,-4.855881783,5.35180564,3.170996427,1.348010103,1.28773187,7.565899781,1.377884445,6.939567234,0.920568579,-1.349129881,4.142983165,6.630382132,4.919264192,5.853165816,2.750590865,6.593978749,0.874906571,1.356119765,-1.119181355,1.536976945,-0.726861643,5.091927333,-2.214918882,4.547808581,0.077664774,0.890684741,2.462731594,-0.001762479,1.121017116,1.990153725,0.504111002,
Guatemala,GTM,GDP per capita growth (annual %),NY.GDP.PCAP.KD.ZG,,1.245304652,0.514884617,6.377864297,1.637941582,1.392682617,2.548040357,1.228487444,5.806825765,1.968207479,2.968020627,2.888300487,4.604260429,4.058198265,3.715012565,-0.504202379,5.095050374,5.46642394,2.436089614,2.125688751,1.167336567,-1.848613506,-5.723147509,-4.927820228,-2.282716079,-3.382396203,-2.600678716,0.727554412,1.023397746,1.059063915,0.255295714,0.88796872,2.089387482,1.19079546,1.299650963,2.208283182,0.326032378,1.728226613,2.341238621,1.266832521,1.176419989,0.008564248,1.48647617,0.276550484,0.870516167,1.064722556,3.146006198,4.121076026,1.194812594,-1.505249539,0.865525448,2.107588602,0.944366953,1.688694724,2.483284492,2.202044943,0.803225141,1.222021181,1.698363049,2.448136415,-3.220077328,6.560160413,2.72968988,1.951093092,2.066533354
Guam,GUM,GDP per capita growth (annual %),NY.GDP.PCAP.KD.ZG,,,,,,,,,,,,,,,,,,,,,,,,,,,,,,,,,,,,,,,,,,,,0.371012547,6.056268464,3.292354462,-3.929567651,0.456380842,1.77225504,0.148561195,2.048926652,0.065035676,2.264027064,1.914050543,2.088307504,1.180921237,0.591903023,1.348607122,-0.333833095,3.075478686,-10.71199466,1.078305018,4.177265865,,
Guyana,GUY,GDP per capita growth (annual %),NY.GDP.PCAP.KD.ZG,,2.277004462,-1.084211361,-14.16357844,8.991276688,8.215077889,3.040177203,2.161391771,-1.044346661,4.814421545,2.403589306,1.672203446,-4.51746287,0.063153328,6.547239786,7.415354597,0.610970511,-3.460147434,-2.568020258,-2.533753985,1.16831243,1.223488756,-13.21908184,-6.693760142,-4.810359819,2.749283486,-0.464646324,1.424677701,-3.128495811,-4.312307166,-2.424925137,6.346175967,7.463312599,7.736351006,8.122171635,4.676073462,7.652031669,5.941209052,-1.851774395,2.839344334,-1.408812522,2.327017176,1.241884081,-0.560476506,1.654336019,-1.757156772,5.399440248,7.489359083,2.059300099,3.957571743,4.53289276,5.633727478,5.257286626,3.137481334,1.11916441,0.083371193,3.159363224,3.068871824,1.396045628,3.251561782,43.5123463,18.88204386,62.11107131,33.03144243,42.55534035
High income,HIC,GDP per capita growth (annual %),NY.GDP.PCAP.KD.ZG,,3.299464072,4.328765117,3.774755323,5.084061785,4.353668629,4.497311124,2.925934856,4.952675132,4.631161478,2.07128483,2.804817174,4.505305909,5.354112713,0.275379478,-0.998637943,4.122635588,3.067121313,3.435398131,3.257191945,0.496636403,1.153279044,-0.904050268,2.16345937,3.997080229,2.864569857,2.448980622,2.853317302,3.945504765,3.15444982,1.987484151,0.133642632,0.786668914,0.418908819,2.269402302,2.123767806,2.310116375,2.924354925,2.162262783,3.039905063,3.73556178,1.080800592,1.120645706,1.761184806,2.960934354,2.440611349,2.631811008,2.179462822,-0.021421945,-3.944994367,2.578668517,1.596371036,0.863881211,1.031091919,1.599618563,1.705476853,1.213541581,2.024053745,2.015011487,1.570780075,-4.130503376,5.968885662,2.510510335,1.081617835,1.272342471
"Hong Kong SAR, China",HKG,GDP per capita growth (annual %),NY.GDP.PCAP.KD.ZG,,,9.55045007,11.84854608,6.033750341,11.66913592,0.897185089,-0.931899495,1.225090991,9.579739859,6.583426327,5.003909471,8.511613216,9.156154441,-0.77105607,-1.395449957,14.71390038,10.12415425,6.317039412,5.623188741,7.207167423,6.724975243,1.363809385,4.378943478,8.89804845,-0.319516943,9.681132193,12.26255587,7.603325199,1.222905591,3.497486734,4.829111258,5.346685961,4.392415706,3.674713212,0.36650786,-0.267954071,4.228393153,-6.665090553,1.532287453,6.718425613,-0.17749038,1.207517958,3.259931992,7.855573003,6.92005138,6.347388725,5.55357919,1.518775988,-2.668972458,5.986387092,4.11212205,0.58373976,2.687898765,2.043185682,1.519959412,1.544552418,3.001483377,2.027206171,-2.396634506,-6.208739179,7.429489879,-2.805300449,0.612247418,2.704737945
Honduras,HND,GDP per capita growth (annual %),NY.GDP.PCAP.KD.ZG,,-0.986082277,2.816798015,0.682149339,2.451239786,5.950099678,2.376648368,2.952321629,3.539297838,-2.255789434,0.596860465,0.916884808,2.597178438,4.667741678,-4.043663194,-0.856509722,7.105532138,6.999673724,2.737525853,2.410411134,-2.42879697,-4.168704164,-4.967602367,-2.049741934,3.246833354,2.609125633,2.35812522,3.655801683,-1.080205887,-0.118605442,-0.069833287,-6.023307693,3.102841212,3.514485566,-2.58997451,3.221828826,-0.96445927,1.712418621,0.882235237,-3.310630174,4.399151519,-0.016196053,1.049911662,1.898504218,3.615702692,3.507079755,4.083213351,3.776278786,1.918834963,-4.543991317,1.549121631,1.711641948,2.04382617,0.777167217,1.081275113,1.88202222,1.960510683,2.921072783,1.961968725,0.719361516,-10.54841749,10.70299037,2.411845511,1.814897327,1.824018399
Heavily indebted poor countries (HIPC),HPC,GDP per capita growth (annual %),NY.GDP.PCAP.KD.ZG,,-2.502852751,4.628926389,0.836427504,0.835290889,1.317210143,1.21506667,-0.2550137,1.756133515,1.774453082,-2.58350015,1.736113036,-0.547627345,0.421289035,2.315979413,-0.695783182,1.069258486,0.870102749,-0.321070719,-2.257212608,-1.760718124,0.622189338,-1.905491686,-2.357222033,-1.494512751,-1.172845104,0.351509751,0.494933246,-1.473850116,-1.280907412,-3.682946583,-2.129457815,-4.068994843,-2.741864255,-3.067558753,1.924148231,2.129546304,2.628823767,0.63094627,0.205850594,0.116639998,0.871220904,0.956991914,0.979117351,2.849473038,2.702762351,2.852108489,2.569246099,2.743496077,0.707448318,3.280369454,1.712655767,1.13173489,2.767269382,2.632959763,1.978431934,1.488715498,1.99548037,1.293254444,1.601344399,-2.491232895,1.466656335,2.293501392,0.841678816,2.548577508
Croatia,HRV,GDP per capita growth (annual %),NY.GDP.PCAP.KD.ZG,,,,,,,,,,,,,,,,,,,,,,,,,,,,,,,,-19.60190001,-9.529110838,-8.518295234,4.697052598,7.497786224,7.574334087,6.687181292,2.314511577,-0.419403115,3.965765929,7.155929966,5.741059062,5.538321714,4.141420906,4.192859775,5.056750368,5.071844693,1.980704128,-6.716033776,-1.110032234,0.247771415,-1.789055057,0.498388391,0.207889837,3.552342243,4.591202433,4.95383381,4.262511704,4.128600627,-7.487474621,13.65450803,7.937400538,3.1942825,3.637351122
Haiti,HTI,GDP per capita growth (annual %),NY.GDP.PCAP.KD.ZG,,-4.675856084,5.931669984,-3.614830725,-3.383158006,0.28546231,-2.397114842,-3.912307358,1.279217459,1.894997616,-1.211765704,4.493811285,-0.923847858,2.772509758,3.769672061,-0.806656542,6.368021203,1.729297196,4.181950716,5.509629703,5.330215469,-4.706675933,-5.417998452,-1.044481589,-1.651381449,-1.372930432,-2.470817297,-2.7792925,-1.825807181,-4.888272222,-1.021291988,-0.173086384,-7.18236675,-7.26639618,-13.63085775,7.822924051,2.181455002,0.785892869,0.293961772,0.830848511,-0.974737114,-2.143183913,-0.729374656,1.682003464,-2.98301063,1.35443141,0.054058344,2.955697227,0.961802641,4.154892821,-6.745903855,3.915144942,-1.043242222,2.767509668,1.392311879,-0.045439505,0.398402974,1.123944279,0.32667856,-2.986837119,-4.498164422,-2.926958043,-2.784680848,-2.992128438,-5.269848333
Hungary,HUN,GDP per capita growth (annual %),NY.GDP.PCAP.KD.ZG,,4.235947777,5.753389389,5.41581974,4.370086162,42.01607467,7.075879195,7.100676262,4.498936418,6.454618063,4.303122981,5.89651544,5.784184193,6.556040406,5.428394355,5.577289936,3.031575545,7.101270197,4.040519945,2.514540096,0.134797307,2.859773123,2.901733414,0.874406548,2.863669883,-0.071515494,1.708294076,4.225972869,0.088027208,1.839423099,-2.494499228,-11.8870466,-3.026235553,-0.462665222,3.088168306,1.630917597,0.273327489,3.185546317,4.090022567,3.378474268,4.680946506,4.300996768,5.028710608,4.236919635,5.19581259,4.507920786,4.095899965,0.487904818,1.170428844,-6.595586428,1.296636608,2.205910345,-0.828646516,2.524393053,4.755551698,4.033108739,2.837490398,4.477435682,5.821463618,5.208764134,-4.09730738,7.662531754,4.551055711,-0.709301494,0.826299203
IBRD only,IBD,GDP per capita growth (annual %),NY.GDP.PCAP.KD.ZG,,-0.017942839,1.269470497,2.296761098,5.745538544,3.83492273,3.189052936,1.764618348,3.93720885,5.448437974,5.243490341,3.692398529,4.33492341,4.76207283,3.562930236,2.604823466,4.240207302,2.725968677,2.197617706,2.916916913,3.156997377,0.303788209,0.921581592,-0.200264006,2.996516194,2.540739331,1.930419541,2.919508824,2.12899877,1.341705079,0.195113764,-0.498054464,0.020620774,2.192367672,2.154911705,2.585706026,4.034422076,3.957388045,1.340990841,2.448969561,4.635871921,2.41279941,3.439710481,4.820339265,6.469608856,6.071837446,7.175404632,7.864385457,4.864894886,1.773915736,6.725779643,5.266555287,4.320349043,4.09221777,3.741103324,3.354792752,3.553463386,4.25277704,4.059238312,3.220403187,-1.922026549,7.033458976,3.251772111,4.311844643,3.74477157
IDA & IBRD total,IBT,GDP per capita growth (annual %),NY.GDP.PCAP.KD.ZG,,-0.241059785,1.574367017,2.279625468,5.172395523,3.509861602,2.554866953,0.785212239,3.546182202,5.518556447,5.252639716,3.691358579,3.610676535,4.27875917,3.651143745,1.815465575,4.012297348,2.510303265,1.682432973,2.570815737,2.788076016,-0.168771935,0.411830404,-0.661190453,2.459736505,2.333164785,1.667360174,2.619419027,2.036068458,1.068675305,0.186687354,-0.619558677,-0.157434362,1.680723702,1.661209232,2.282109915,3.707113599,3.552353289,1.14497172,2.11180044,4.190094022,2.16394818,3.208948936,4.421516488,6.081635659,5.672872501,6.656004895,7.261352246,4.452767512,1.625369759,6.252405386,4.767782602,3.86452254,3.837213706,3.515146335,2.993615188,3.145160863,3.829355913,3.65724589,2.834086589,-2.290593033,6.328687052,2.834651946,3.71193053,3.288872189
IDA total,IDA,GDP per capita growth (annual %),NY.GDP.PCAP.KD.ZG,,-1.287175509,3.276844921,2.209030003,2.2236846,1.814264685,-0.870361198,-4.752131526,1.284423928,6.060860714,5.396102961,3.730481909,-0.682823625,1.402263637,4.451039744,-2.997790667,2.776031431,1.371212003,-1.419898257,0.634906695,0.677770592,-3.103371972,-2.836627792,-3.566167964,-1.074933336,1.345241014,0.235034076,0.891611221,1.947942717,-0.418019697,1.121779033,-0.690359016,-0.575097344,-1.784175684,-1.680736148,0.870763187,2.122774877,1.135537366,0.87295008,0.396375151,1.429868883,1.538881001,2.931529569,2.44028375,4.218240526,3.73382642,3.562843548,3.390237087,2.563611223,2.612793827,3.734402465,1.841577836,1.137973896,3.086229002,3.239418543,1.299992399,1.08962209,1.76170769,2.109247451,1.736877841,-3.022595681,2.207444996,2.191002123,0.851336436,2.052492906
IDA blend,IDB,GDP per capita growth (annual %),NY.GDP.PCAP.KD.ZG,,-0.744879323,1.519906123,5.449382814,3.111535681,2.456819687,-2.051329355,-9.296824374,0.357116166,11.995293,14.00183122,7.483302146,1.22485585,2.706351851,5.110555845,-4.151033103,3.69194671,2.293815884,-2.554037106,2.289557317,0.470806969,-6.871455776,-4.182071496,-5.884467418,-1.604573025,2.778787473,-0.188071536,0.362626532,2.891884599,0.076556025,2.804842019,-1.079031646,0.032419318,-2.899913502,-1.761067455,-0.43484682,1.957150474,-0.243554603,0.108644929,-0.562123187,0.867876443,1.263101613,3.763615392,1.973566861,4.713275592,3.364132765,3.125185905,2.71520664,1.478215352,3.183370507,3.27296438,1.685381303,2.153063999,3.447670717,3.570192601,1.756165805,0.289531182,0.757644992,1.807101863,0.996577942,-3.373306644,3.163884764,2.332265108,0.80406892,1.943372846
Indonesia,IDN,GDP per capita growth (annual %),NY.GDP.PCAP.KD.ZG,,2.834618625,-0.976961857,-4.960280197,0.615174818,-1.442710705,0.387144885,-1.221181789,7.95242809,3.909940594,4.634754012,4.163441956,4.225630675,5.300888799,4.899720823,2.358675369,4.253569422,6.123512025,4.19507348,4.754994242,7.286558574,5.425481849,-0.090754299,1.844009612,4.616680911,0.296454822,3.76041936,2.908522581,3.780439443,5.460986481,5.313848999,5.036145805,4.667568634,4.699612179,5.742097171,6.435418904,6.058596364,3.010907697,-14.48915056,-0.712606708,3.427863627,2.214813439,3.092309299,3.402445952,3.704367451,4.344355842,4.112018902,4.949583923,4.647217583,3.311600213,4.893262469,4.822942765,4.675403742,4.256039232,3.779685952,3.705834289,3.910542755,4.001098652,4.159300139,4.041304182,-2.89423404,2.974761922,4.524475766,4.16753001,4.179001756
IDA only,IDX,GDP per capita growth (annual %),NY.GDP.PCAP.KD.ZG,,,4.751369018,-0.517117964,1.402689241,1.199339012,0.164244755,-0.737844949,2.009771916,1.341133919,-2.202708164,-0.193876628,-2.911463533,-0.189087758,3.540864352,-1.831253615,1.464536516,-0.025328944,-0.314677222,-1.628026074,0.30766852,0.964733539,-1.618359251,-1.129218209,-0.640856203,-0.366917764,0.471074286,1.24236403,0.612346138,-1.243035687,-1.187442953,-0.487239323,-1.38572321,-0.469416845,-1.615290009,2.326894393,2.243118898,2.615935571,1.637592725,1.373741841,1.93950142,1.719361268,2.031421529,2.906857565,3.627350736,4.06286822,3.976668452,4.002056181,3.573527495,1.943528563,4.098490632,1.937086924,0.103975433,2.692969721,2.906806381,0.862138895,2.000432705,2.867475612,2.490432167,2.563020695,-2.599152683,1.359642716,2.120082019,0.989229064,2.257236882
Isle of Man,IMN,GDP per capita growth (annual %),NY.GDP.PCAP.KD.ZG,,,,,,,,,,,,,,,,,,,,,,,,,,0.616951121,18.56427501,8.385202881,10.01305191,5.095719276,2.484693886,0.306693885,0.019140247,1.99256059,3.421314147,3.796823967,6.901752244,7.316021228,12.03709582,12.28767856,4.090552533,4.274001343,5.10192251,4.948813898,4.207978504,4.935770759,6.656451262,6.369983098,3.772085253,0.979767327,2.248548034,1.384725986,7.363691677,4.381976646,5.467210883,-0.02956162,7.115039082,2.661870315,1.974344667,0.073371345,-8.952853097,3.785982839,-4.195010004,,
India,IND,GDP per capita growth (annual %),NY.GDP.PCAP.KD.ZG,,1.266648794,0.518501926,3.536491053,4.96611887,-4.803103499,-2.171043686,5.535822687,1.190385212,4.311912695,2.848642618,-0.584836098,-2.712391582,0.996957418,-1.115460977,6.602321028,-0.700735578,4.754296788,3.306071277,-7.416424712,4.22047071,3.544378327,1.088606803,4.806751121,1.413519168,2.833253528,2.385743231,1.620950763,7.188122379,3.606024081,3.223516343,-1.110281053,3.25939544,2.574089517,4.500575215,5.430702803,5.422261411,2.02374489,4.148494857,6.795041925,1.907630058,2.881346583,1.940705485,6.005799643,6.099965225,6.177028925,6.383677209,6.051600137,1.614134517,6.313409858,6.930797804,3.760741531,4.017267358,4.977699973,6.063980742,6.715667346,6.973946909,5.561185035,5.292119719,2.7967576,-6.690471028,8.790934477,6.762386017,8.230531433,5.539973172
Not classified,INX,GDP per capita growth (annual %),NY.GDP.PCAP.KD.ZG,,,,,,,,,,,,,,,,,,,,,,,,,,,,,,,,,,,,,,,,,,,,,,,,,,,,,,,,,,,,,,,,,
Ireland,IRL,GDP per capita growth (annual %),NY.GDP.PCAP.KD.ZG,,5.172332516,2.792449231,4.135109417,3.282699837,1.552612206,0.491448025,5.2882022,7.757572724,5.246573119,1.806543662,2.266446914,4.91885682,3.055225931,2.547203718,3.932443529,-0.123898817,6.7557133,5.676694378,1.708911665,1.899873991,2.122297604,1.321022582,-0.949007615,3.709679446,2.920735298,-0.473563551,4.652239583,5.66837853,6.234040663,8.375006025,1.345298628,2.640608576,2.180590624,5.339770058,9.073771307,6.533311482,9.91398289,7.637508368,9.290878509,7.95480645,3.642470237,4.129756641,1.349386379,4.853456567,3.460941566,2.195190657,2.309229598,-6.411644913,-6.054810584,1.130424374,1.206476785,-0.820120764,1.655491211,8.53969999,23.44369048,-0.068806532,8.574160175,5.994704954,3.385004229,5.812170419,14.64419034,6.488906436,-7.216712186,-0.145596405
"Iran, Islamic Rep.",IRN,GDP per capita growth (annual %),NY.GDP.PCAP.KD.ZG,,7.1214986,4.681718277,3.805654062,5.149580087,13.41708119,8.08216098,7.913927843,11.03111075,12.10065097,7.610183118,10.35452967,11.1956008,4.341720243,2.71498848,-3.29408123,14.74935314,-5.738842817,-15.64240312,-14.99366548,-24.38870508,-10.51867777,16.82009818,6.845458931,-10.56806962,-1.806424122,-13.0531631,-3.68691263,-9.064989706,3.077160654,10.33539541,9.696879075,1.275322963,-1.821715932,-1.885324404,1.273467963,5.207665424,0.142695058,0.687371259,0.56016899,4.294516564,0.823553038,7.190009759,7.441801271,2.128378856,0.931246308,2.761831077,6.401710063,-0.959303457,-0.239219317,4.481946239,1.384959505,-4.94408604,-2.80061993,3.584121378,-2.757982281,7.266364932,1.290698109,-3.081867017,-4.110179395,2.538974658,3.85313179,2.53772563,3.787648033,1.960815034
Iraq,IRQ,GDP per capita growth (annual %),NY.GDP.PCAP.KD.ZG,,4.752459853,1.508902564,-0.946584362,11.03778491,7.08296837,1.462540562,-11.90671605,15.48477978,-0.251028898,0.976487995,1.796496913,0.230885931,0.881619184,12.24673442,8.827801859,13.40263873,-1.433572418,13.18079171,17.04220218,20.88383496,-3.665740528,0.56416478,-15.61817759,-4.510535916,-0.957028055,2.103916659,6.348509852,-2.311900681,-5.661136786,55.87294231,-64.42358205,28.72626166,24.1804989,-0.985588929,-1.244053125,7.53308315,17.54626971,30.8254376,13.83870115,13.03016114,-1.358475511,-11.05826962,-38.53821829,49.07385258,-1.293947596,4.866525151,2.69566337,6.06351403,-0.359808708,3.019246513,3.814419425,8.880553944,2.664647321,-1.284254526,-0.153622232,11.09841556,-3.985466873,0.267762551,3.140439433,-13.96753227,-0.747456309,5.510978021,-1.720152371,-3.615119008
Iceland,ISL,GDP per capita growth (annual %),NY.GDP.PCAP.KD.ZG,,-2.002607273,6.325793668,8.335609137,7.945725399,5.453292484,6.924524232,-2.840624577,-6.781987034,1.442588685,6.896247757,12.15019817,4.63445618,5.206311621,4.285800476,-0.632820601,4.9125474,8.01518329,5.192434689,3.839546381,4.634067438,3.082534258,0.798242276,-3.438184622,3.02744365,2.482432906,5.494860523,7.363170084,-1.642347832,-0.975500396,0.385665597,-1.373406668,-4.580531413,0.288501966,2.714620503,-0.425046314,4.004073394,4.908673873,6.219816179,2.784474947,3.557391035,2.640000199,-0.33407749,1.437796185,6.860105632,4.457828939,3.850348629,5.745281295,0.326400094,-7.978362365,-2.692847715,1.535147192,0.527304422,3.568175752,0.562209406,3.354145353,4.838299232,1.779410096,2.117373247,-0.35423339,-8.438697985,3.325612346,6.273631939,2.599130427,-2.280695998
Israel,ISR,GDP per capita growth (annual %),NY.GDP.PCAP.KD.ZG,,7.591418236,4.967778509,6.694112309,3.750531919,5.255528703,-2.588107768,-1.357404527,13.83665997,10.64465177,3.807398897,7.516613003,9.332203079,1.400041622,3.354710429,0.912011697,-1.892372082,-1.201851038,3.352446932,3.514749157,-0.741543967,3.262951396,0.183173165,1.495867771,-0.377291912,2.218198665,2.590574891,5.42312178,1.218789128,-1.117081585,4.045079391,1.43538016,4.099279431,1.38569527,4.681958517,3.796066773,3.10605874,1.055770055,1.758067608,0.700091057,5.750564115,-2.05810142,-2.125311065,-0.366188461,2.814369148,2.563664943,3.751199391,4.451610758,1.404467421,-1.153370111,3.623991033,3.586635609,0.573190077,2.161424719,1.802803078,0.231915658,2.431947714,2.343414522,2.01931484,1.749458447,-3.734490844,7.563950483,4.194145643,-1.187230213,-0.396212603
Italy,ITA,GDP per capita growth (annual %),NY.GDP.PCAP.KD.ZG,,7.486418839,5.48747777,4.842052489,1.95553271,2.402046147,5.164163281,6.405677604,5.873594596,5.499179506,4.755009601,1.344280407,3.103489737,6.401805971,4.812013816,-2.673183899,6.59231969,2.125827487,2.872936378,5.653224091,3.217170076,0.723232421,0.33922499,1.132491095,3.202783048,2.768381463,2.854366892,3.181430296,4.144042067,3.310861985,1.900439802,1.468175645,0.765807563,-0.91340169,2.130215508,2.885202311,1.317106197,1.871809698,1.775084289,1.660889921,3.835047147,1.943999833,0.071737431,-0.472767257,0.721242548,0.176020374,1.393014898,0.846872548,-1.783601971,-5.85255776,1.08110878,0.347491108,-3.389841897,-2.013970316,-0.016463491,1.038265118,1.428844532,1.794997299,0.58122767,1.134644119,-8.423239939,9.494161085,5.033445487,0.749844869,0.738517575
Jamaica,JAM,GDP per capita growth (annual %),NY.GDP.PCAP.KD.ZG,,,,,,,,0.607398064,4.538932878,4.358969402,10.6879745,1.083948823,16.30924461,-6.915694372,-5.657327687,-1.643084116,-7.907424531,-3.77724967,-1.207299728,-2.210730674,-6.864225577,1.30983951,0.676546301,0.498067368,-2.834933973,-4.049252819,0.936567842,7.031552169,3.26671312,6.440987888,3.414130687,3.92158553,0.953437711,8.290961001,0.346954538,1.329343975,-1.075692212,-2.047825754,-3.166429383,0.265019147,0.181209197,0.704785921,1.372731494,3.039978039,0.732138404,0.336548931,2.369499067,0.952340641,-1.242422799,-4.742320256,-1.872067428,1.290876501,-1.041519031,0.111200804,0.327176682,0.605132261,1.108933685,0.78732843,1.733372669,0.778865726,-10.15796889,4.345494593,5.167336668,2.581466873,-0.697441265
Jordan,JOR,GDP per capita growth (annual %),NY.GDP.PCAP.KD.ZG,,,,,,,,,,,,,,,,,,5.035781715,11.12441388,16.86078333,7.188497049,12.57670875,2.553826624,-6.473455294,-0.319725177,-7.052767247,0.752136656,-2.30153427,-3.158226866,-14.90244006,-7.772774786,-6.001852915,8.461654341,-0.807674227,0.060832147,1.939292871,-1.24666808,0.569931792,0.658442074,1.191806385,2.107346778,3.126823614,3.576764715,1.880237385,5.978885737,5.500570374,1.403201796,1.840524365,4.725600862,2.790121729,0.137449408,0.218599819,0.988823292,-2.585922386,-6.0221725,-5.589801748,-2.711262161,0.192083988,-0.302781678,-0.24704929,-2.862539829,1.771730558,0.91564668,1.238634265,1.48055685
Japan,JPN,GDP per capita growth (annual %),NY.GDP.PCAP.KD.ZG,,11.04407304,7.901714421,7.379857063,10.52079209,4.686450016,9.632359631,9.938834499,11.61742815,11.14865732,-0.7505531,2.426652356,6.905499723,6.523023596,-2.5298392,1.787835642,2.866778098,3.384680715,4.318280115,4.594768307,2.010415857,3.503886294,2.565815419,2.911865414,3.736156479,4.503630615,2.745615247,4.145630588,6.218728553,4.50717016,4.493661204,3.117494633,0.526745036,-0.781376228,0.801559685,2.390519558,2.900141234,0.740905953,-1.538244076,-0.51574059,2.592891086,0.14451169,-0.190392014,1.318091963,2.151723329,1.7943398,1.308127183,1.367422326,-1.272109949,-5.68145234,4.079223049,0.209251803,1.536786659,2.152371066,0.429381123,1.668465117,0.805362825,1.758611802,0.771168472,-0.262170829,-3.886419116,3.170017388,1.391027549,1.970801611,0.520666035
Kazakhstan,KAZ,GDP per capita growth (annual %),NY.GDP.PCAP.KD.ZG,,,,,,,,,,,,,,,,,,,,,,,,,,,,,,,,-11.64152154,-5.595175571,-8.894408849,-11.41689455,-6.481288001,2.425444843,4.063069629,0.579278352,3.975195415,9.4796264,12.95750009,9.231057778,8.670445249,8.889308178,8.889635659,9.76786674,7.871783714,2.235269249,0.022847985,5.91730119,5.957645735,3.346010334,4.488196791,2.680637883,-0.299093533,-0.438395201,2.490769457,2.556066908,2.994055381,-3.864060945,2.918641701,1.701002979,3.572387328,3.464249277
Kenya,KEN,GDP per capita growth (annual %),NY.GDP.PCAP.KD.ZG,,-11.15136044,5.348567185,4.634675891,0.922365578,-1.973170832,10.24537837,-0.658711109,3.796701712,3.805816644,-8.254067592,17.82006563,13.081004,2.302880239,0.600157427,-2.414863098,-1.109898174,5.879410243,3.295031676,3.950201452,1.915064139,0.128998106,-2.060713125,-2.325186756,-1.918937173,0.569650556,3.408459452,2.265861132,2.522596964,1.0826542,0.668332503,-1.795559755,-3.793704371,-2.582334536,-0.304212273,1.483737424,1.319006267,-2.23366308,0.478811112,-0.60325755,-2.386106933,0.575576747,-2.56736281,-0.194798007,1.891135133,2.702441032,3.277154575,3.669786662,-2.758864564,0.232598395,4.968112999,2.26952219,1.876707539,1.263311291,2.592183533,2.655893528,1.937947956,1.604751834,3.524047815,3.070047694,-2.210321712,5.565136516,2.862812765,3.483358455,2.470855181
Kyrgyz Republic,KGZ,GDP per capita growth (annual %),NY.GDP.PCAP.KD.ZG,,,,,,,,,,,,,,,,,,,,,,,,,,,,1.353404764,11.2196199,0.663560153,3.687161541,-9.437030564,-14.82562858,-15.48510158,-20.05492795,-6.365030811,5.511610458,8.324176625,0.567335559,2.126635753,4.196106043,4.326756774,-0.931486114,5.91391848,5.739378358,-1.295588258,2.001744444,7.51249331,7.375549303,1.532572503,-1.880933717,4.437053453,-1.952881163,8.51417445,1.757186229,1.568076077,2.049851499,2.558378342,1.545868202,2.281200888,-9.031577141,3.587769933,7.030428696,7.101193766,7.155579862
Cambodia,KHM,GDP per capita growth (annual %),NY.GDP.PCAP.KD.ZG,,,,,,,,,,,,,,,,,7.275968294,-7.655506105,8.766853818,-10.72422518,-7.683233479,-1.560910977,-2.794792614,0.73184233,1.181635872,1.22955641,-0.194040775,16.48571432,7.80089547,-0.345557696,-2.970448162,3.22292482,1.395211275,-1.982198501,-39.20297033,1.354120637,-1.776935283,-2.911991734,0.452139873,10.79820549,8.258328773,5.725666444,4.638623567,8.62974314,7.856390011,11.66378614,9.317924013,8.781439166,5.857285554,2.446745048,3.454351171,5.669930844,6.047569827,6.256914983,6.411092519,5.652931676,6.343006276,6.591964956,7.431770302,6.582723649,-4.963681994,1.578620516,3.7400092,3.668477754,4.724058695
Kiribati,KIR,GDP per capita growth (annual %),NY.GDP.PCAP.KD.ZG,,,,,,,,,,,,-4.192548454,9.968062267,18.83057641,44.36522432,5.745159359,-26.37467544,-3.989027592,1.739919196,-12.0375605,-2.658265096,4.460004431,-2.677183904,-11.23315892,12.06897992,-14.8945308,-4.705634203,-1.138884326,19.15092236,-9.472394311,-8.521382014,-7.516757747,21.92520397,-1.624462537,0.540484031,1.217894726,-1.73230175,-0.655302414,2.60111876,-5.534299317,4.951434417,-4.990432488,-0.673840917,-3.572698459,-2.584685679,-0.72236278,3.680792001,0.984244993,-4.989786665,-1.583152581,-0.85715861,1.450380047,4.261137294,6.260289474,-0.042897246,9.847060763,5.584908325,2.199027078,1.946115891,1.733501852,-3.169924846,6.554807059,2.88966133,1.055649339,3.711192253
St. Kitts and Nevis,KNA,GDP per capita growth (annual %),NY.GDP.PCAP.KD.ZG,,,,,,,,,,,,,,,,,,,4.248921155,8.057739914,8.90323754,1.908398754,0.940170202,1.65998004,9.437111887,9.169628527,11.53889568,7.246112695,9.986138145,6.266531831,5.722868453,-1.684749266,3.3547156,5.437208925,3.955704163,4.013754374,4.482682144,5.468619864,-1.775953355,1.824366332,8.469309099,4.073514519,0.797218806,-4.257944202,3.684234124,9.44452895,2.858001069,0.305516416,11.01042971,-3.571510894,0.095150591,1.52991481,-1.047877789,5.646416989,7.531275112,0.698412468,3.959196925,0.274193507,2.094662072,3.061021794,-15.15370814,0.597261391,10.46997026,4.219226706,0.982866431
"Korea, Rep.",KOR,GDP per capita growth (annual %),NY.GDP.PCAP.KD.ZG,,3.809554762,0.966642374,6.026425874,6.647769518,4.624622445,9.213101876,6.562089374,10.57015527,11.99747123,7.675052529,8.387642879,5.221768934,12.88444212,7.652190868,6.041235059,11.42815463,10.59820153,9.28013073,7.035259338,-3.166620522,5.585902668,6.676618915,11.71702141,9.19579576,6.78232934,10.22535192,11.61866563,10.89649519,6.019063097,8.80042947,9.686998929,5.100781696,5.797285517,8.174764151,8.517153045,6.867624488,5.179629766,-5.811819627,10.67745058,8.15268966,4.051006403,7.10433311,2.614039827,4.781286153,4.087645147,4.712927655,5.266361146,2.23375226,0.27526898,6.274019889,2.891411994,1.865599496,2.696150961,2.556219509,2.268429401,2.539144729,2.870196962,2.462246216,1.8889146,-0.846212238,4.439121293,2.805237629,1.278235243,
Kuwait,KWT,GDP per capita growth (annual %),NY.GDP.PCAP.KD.ZG,,,,,,,,,,,,0.118996333,-2.339465749,-12.04616502,-18.07703365,-17.55582653,-0.072851753,-9.909464311,0.763158115,7.24255314,-23.76308834,-22.95149558,-15.94559627,2.875689964,0.825844854,-7.982026825,4.259283041,3.906999652,-13.49565182,21.1942465,-2.906442674,-26.45310886,51.10350916,31.01041044,8.943698404,3.788701298,-2.228452379,-0.819070756,0.479689868,-4.669543695,1.765964341,-2.452141526,0.421240898,14.55079769,7.816137758,6.679356705,1.697635238,-0.058584644,-3.067958578,-11.86481647,-7.275882606,2.999364819,0.098328846,-3.773716522,-3.831572382,-3.832701102,-1.431520503,-8.168791288,-1.265701023,-0.471027647,-3.908227572,2.591286118,1.437112771,-7.011464056,-4.919597587
Latin America & Caribbean (excluding high income),LAC,GDP per capita growth (annual %),NY.GDP.PCAP.KD.ZG,,3.282979027,1.462726177,-1.075734433,4.704239009,2.996260228,1.837501566,1.708707459,4.677738573,4.207496203,4.152937544,4.359704586,5.108600016,6.091863193,4.123044411,1.816542317,3.072622404,2.327820527,1.909966611,4.958056055,4.30792176,-1.127214434,-1.838106134,-4.202750708,1.695015697,1.033428523,1.272327382,1.120677559,-1.608086865,-0.562582049,-2.359009447,0.937678578,0.267073433,2.520942206,3.49737671,-1.280388717,2.216592569,3.618598499,1.143968175,-1.036962542,2.112189623,-1.245896175,-1.000549861,1.074440946,3.977784284,2.731102385,3.987418127,4.078699935,2.54010702,-3.517142682,5.527761617,3.305768734,1.255697994,1.700960889,0.241170191,-0.732052044,-1.499905256,0.976208415,0.523270635,-0.382705834,-7.296498642,6.173822315,3.184173389,1.453934956,1.279145632
Lao PDR,LAO,GDP per capita growth (annual %),NY.GDP.PCAP.KD.ZG,,,,,,,,,,,,,,,,,,,,,,,,,,2.20041868,1.975016378,-4.187959039,-4.776921631,10.965351,3.710756484,1.400253404,2.676923881,3.077391718,5.366668892,4.42161503,4.464343809,4.6663448,2.060806471,5.44751578,4.037265325,4.022496614,4.230976003,4.446458589,4.818315673,5.503616235,6.912946279,5.943924494,6.198788417,5.905638513,6.941165933,6.485365579,6.495135271,6.51642199,6.138425346,5.717029013,5.362889123,5.227110672,4.60986172,3.860912781,-0.986715601,1.0610906,1.269700523,2.311160876,2.851663853
Lebanon,LBN,GDP per capita growth (annual %),NY.GDP.PCAP.KD.ZG,,,,,,,,,,,,,,,,,,,,,,,,,,,,,,-43.60422295,24.07336257,46.44381807,14.00046694,8.64130049,6.183370515,4.54238397,9.243624524,-0.755972338,1.858922643,-2.255368346,-0.391806733,2.127580247,1.9961503,1.812783456,4.968339613,1.106879786,-0.161110391,7.212424195,7.270203824,8.754241974,6.925624081,-0.215990102,-0.172272058,-5.350045156,-7.261451454,-1.485299436,3.954204587,3.571858111,1.00112837,-3.870371669,-20.12909838,-7.25697163,-1.077821926,-1.259128421,
Liberia,LBR,GDP per capita growth (annual %),NY.GDP.PCAP.KD.ZG,,-0.033469523,-1.137874898,-0.256540918,2.534659069,2.163220021,5.000540261,4.069985478,2.130346834,4.581129593,3.967224943,2.296223434,1.535211191,-4.781562652,1.998147406,-6.042374521,2.480446,-1.228319316,1.805440712,0.261464846,-6.908922613,-4.974531052,-5.209849582,-4.785316445,-5.089123099,-3.818497906,-4.573582067,-3.863324207,-4.832670478,-28.733877,-44.55225155,-2.513260318,-38.71728365,-35.5462839,-21.5731868,-5.11507834,8.950523151,90.83226685,17.66898431,15.20239648,23.94092307,-0.056774336,1.099389235,-30.69935303,1.405400065,0.684612867,2.170246273,4.213438159,2.884739435,2.041801672,3.071179982,4.040866351,4.243455569,6.324110003,-1.373707869,-2.0600232,-3.545902519,0.483418311,-0.802290168,-4.381608492,-4.974703942,2.793685277,2.585058276,2.401862065,2.556475598
Libya,LBY,GDP per capita growth (annual %),NY.GDP.PCAP.KD.ZG,,5.458926639,27.11068798,29.54937643,39.84074749,24.57409484,15.70294915,8.233936873,30.12229734,9.634439739,1.509015409,-8.398017195,5.569003191,-1.94413702,16.26425358,-1.608715084,16.12191455,2.797382408,-2.481901015,2.848887546,-4.916836958,-23.58844766,-0.044514128,-2.320020469,-6.417526162,4.850536737,-13.97079836,-17.02230395,4.836945116,4.603553832,1.332736907,13.13148092,-4.723964546,-5.647915561,0.05355262,-3.910352236,0.484583326,3.607964746,-4.979344713,-0.743502377,1.979308433,-3.555695935,-2.842677837,10.78387218,2.325769438,9.53922389,4.338302666,4.069162075,-2.260341954,-6.371073644,2.907367722,-49.12785652,91.78137027,-19.6276938,-24.51105369,-2.430052652,-2.98083262,30.39506113,6.203272049,-12.49891742,-30.40017174,26.71874875,-9.377305226,8.921611333,-1.620697545
St. Lucia,LCA,GDP per capita growth (annual %),NY.GDP.PCAP.KD.ZG,,,,,,,,,,,,,,,,,,,8.693935795,2.296708842,-3.664801976,4.664263069,0.493096165,3.322624185,5.557826908,6.533818366,12.5888677,2.372991831,12.40378158,7.77393613,8.818554342,-0.820743643,6.354555416,-0.892733394,0.091539227,0.156865159,1.39827512,-2.082481776,4.837956689,1.343830579,-1.158527539,-4.385213611,-0.455758269,3.410539377,6.442521131,-1.139244714,5.437534544,1.01330266,4.296528305,-3.435829227,-0.278750188,3.783449963,-0.563683331,-2.261633279,0.880621539,-0.337052868,2.991539674,2.971798822,2.494451868,-1.06027192,-24.61140921,11.42874925,20.21403647,1.922553759,3.626448962
Latin America & Caribbean,LCN,GDP per capita growth (annual %),NY.GDP.PCAP.KD.ZG,,3.258719849,1.46520571,-0.702233381,4.375042112,2.866303088,2.210050559,1.667362946,4.410427392,4.186656565,3.920231584,4.302948743,4.615235824,5.435074955,3.721780072,1.224888471,3.035017865,2.514716591,2.185782745,5.003273722,4.301282173,-0.95188602,-2.292700515,-4.339324262,1.72161106,1.012592878,1.409908679,1.280703884,-1.335667451,-0.208743825,-2.230632641,1.071604588,0.756157639,2.584189657,3.447630062,-0.833950164,2.236983394,3.729597804,1.381848263,-0.84168545,2.117241161,-0.935129251,-0.872249794,1.14562041,4.130013556,2.690564756,3.896656105,3.970039263,2.462413554,-3.367855987,5.236520858,3.289772963,1.486231388,1.694988562,0.313288435,-0.573256715,-1.273080512,0.965070698,0.732309442,-0.131553066,-7.273830649,6.465734383,3.352863458,1.551335243,1.559751485
Least developed countries: UN classification,LDC,GDP per capita growth (annual %),NY.GDP.PCAP.KD.ZG,,,4.873743187,-0.457478831,1.09180131,1.133145963,0.726134436,-1.496392161,2.425452306,0.650035114,-3.093979693,-0.621791782,-3.777736291,-0.392653982,2.931780258,-1.978008967,1.395854629,-0.440223929,-0.880263573,-0.834063257,-0.310967072,0.204909771,-1.419057975,-0.991226399,-0.353323479,-0.940801708,0.757973122,1.599421739,0.209619281,-0.752418158,-2.418844681,-0.640363131,-2.226887893,-3.037780007,-2.066373242,2.971490783,2.851046899,2.680715231,1.423172616,1.499597026,1.864748541,2.412565766,2.755938526,2.50477427,3.956667796,4.95921397,4.325016634,4.792308364,4.012281301,1.802965963,3.831846867,0.923169903,0.782465318,3.273171588,3.011445015,0.435551679,1.320674527,2.103228383,2.201182734,2.628119457,-2.462038311,0.453845544,2.426637181,0.722846606,1.506987813
Low income,LIC,GDP per capita growth (annual %),NY.GDP.PCAP.KD.ZG,,,,,,,,,,,,,,,,,,,,,,0.767357216,-0.849100323,-1.753669475,-3.156539579,-0.54043719,-0.621760815,1.556286907,1.342111638,-2.475966459,-5.601670871,-0.144946627,-2.04218685,-3.037098464,-1.275020012,1.953123923,2.125105471,3.505268789,1.929987227,-0.412532517,0.254331784,1.274186876,2.282826248,2.548301956,2.791665783,3.248939737,2.312740249,2.485198382,2.045128217,0.543544278,3.528612657,-2.914997747,-7.085549858,-0.153893735,0.612418778,-4.475832931,-1.885266944,-0.929254021,-0.070377071,0.521036796,-3.808590998,-1.445605008,0.937505491,-2.877617571,-0.425782081
Liechtenstein,LIE,GDP per capita growth (annual %),NY.GDP.PCAP.KD.ZG,,,,,,,,,,,,-0.495955811,-0.774663753,-1.244533564,-1.218147038,-0.014880252,3.835534752,3.11284892,2.305880589,2.518085181,5.017366316,4.157507649,-3.771579283,-0.187516371,3.69754368,5.89771061,2.625449783,7.966311921,4.155953197,3.130345914,0.740886089,0.17355027,2.146510105,2.730139334,5.529878923,4.822849646,6.019964818,6.541931671,6.277622866,8.515971445,1.879547903,-2.374881099,-2.463114463,-3.045404108,1.938396554,3.905066059,7.764323224,2.666660526,1.192574519,-1.901387488,,,,,,,,,,,,,,,
Sri Lanka,LKA,GDP per capita growth (annual %),NY.GDP.PCAP.KD.ZG,,,1.316849355,0.038545174,1.386584579,0.061406553,2.516846806,3.899127747,3.288066571,5.22632069,1.537193439,-0.830304681,-2.410907383,4.994180326,1.935440229,4.220587882,1.479238054,3.210931702,3.728628534,4.436819745,3.932981701,3.939384373,2.866494366,4.117716794,4.737973013,4.308419309,3.114378917,0.541198281,1.439935634,1.22940123,5.723946125,3.819735722,2.75390593,5.10038392,4.072654637,3.768416519,1.823392883,4.404302717,2.740237429,2.38061253,4.086274479,-3.08904716,2.886539155,5.166252546,4.730720982,5.564253737,6.949422712,6.066518271,5.247329758,2.905116146,7.381428648,7.997268957,7.809029072,7.006027386,5.389868876,3.251852308,3.869796499,5.249829351,1.28556703,-0.829146715,-5.129262346,3.092781969,-7.453618881,-1.691626024,5.588480901
Lower middle income,LMC,GDP per capita growth (annual %),NY.GDP.PCAP.KD.ZG,,0.734432919,1.245483697,3.506679842,3.919598265,-0.38232965,-0.976899185,-0.754957183,1.456425793,5.368488352,4.682151853,2.411755215,-0.615785113,2.075480511,2.322795198,0.990535867,2.930771951,3.119743329,1.26506686,-0.947642076,2.536817485,-0.615887013,-0.379214407,-0.312464146,0.128911541,1.384793287,1.296127864,1.106955183,4.138164133,1.219609546,2.501743564,-0.25347875,1.367839177,0.062731109,1.695549665,2.846939405,4.077529356,1.796345179,2.354626019,3.222116021,2.117774648,2.273220011,2.524504909,3.985277918,5.132616999,4.798926971,5.0833177,5.003602623,2.779560894,4.146359279,5.032548101,2.999051107,3.44588452,3.992662012,4.440045656,4.326661669,4.122405426,3.922368045,3.951357866,2.647295644,-4.893567933,5.315316599,4.833559485,4.687014228,3.819072239
Low & middle income,LMY,GDP per capita growth (annual %),NY.GDP.PCAP.KD.ZG,,-0.408613357,1.539128892,2.214597717,5.248523831,3.532240922,2.308584323,0.682321787,3.494057174,5.511488897,5.282783679,3.580113557,3.653480544,4.374203507,3.61874994,1.987837542,4.002591886,2.416282161,1.539785862,2.416261858,2.547389943,-0.188282308,0.697164376,-0.555883172,2.502810143,2.334074816,1.517864482,2.457423775,1.97187466,0.976712104,1.047909033,0.927159042,2.361524427,3.130447539,3.311881224,2.815882578,4.444157291,3.909802545,1.652550086,2.017903331,3.936805768,2.068631161,3.249512781,4.400788193,6.131967918,5.847650498,6.701919425,7.349346795,4.487259101,2.592175104,6.68146424,4.907339067,4.028183326,4.190196952,3.797603048,3.366080443,3.416621375,3.990670273,3.721024008,2.903535809,-2.160188214,6.329359298,2.996260912,3.834796673,3.308200448
Lesotho,LSO,GDP per capita growth (annual %),NY.GDP.PCAP.KD.ZG,,-1.131986292,11.94037032,7.37932648,5.110487941,-0.794535885,-3.542871125,7.015258178,-3.952981056,-2.077368367,-1.438867971,1.434300704,-3.65226672,22.09346666,7.219950029,-16.45112673,7.542684855,18.3385218,14.99417146,-0.038044517,-5.53495632,-2.194492721,1.467761333,-0.917132308,2.555766277,-0.257176958,2.06110283,-1.473163552,6.326625787,3.674198236,4.037888677,5.069066331,5.192385475,1.95754937,4.555195178,2.034892469,4.473779521,2.884043841,1.033588172,0.21596148,3.84034989,3.719963504,1.035599997,5.066495129,2.4110358,4.42249766,4.659487877,3.750256883,4.811198389,-1.968700886,4.459259514,3.693985953,5.270666596,0.696148189,0.557309193,1.922510595,2.353639813,-4.336559993,-2.675939075,-2.569259861,-9.237270986,1.099358865,1.28745564,0.709360213,1.621330937
Late-demographic dividend,LTE,GDP per capita growth (annual %),NY.GDP.PCAP.KD.ZG,,-3.893886837,1.651085054,1.778520903,4.852464271,4.327952292,5.156707625,-0.515312075,2.813528255,7.427940912,8.271717692,6.005085266,5.569238628,7.603286374,2.973597478,2.558766843,4.908008469,4.757911082,5.096189576,6.219625906,5.808770033,-1.264273595,0.40217331,0.247684189,6.312981729,5.708225963,4.207145842,4.800835233,3.527702857,3.192766729,-1.098201185,-0.757586069,-0.376390768,3.186669912,3.350642332,4.606950359,4.074884152,4.629741896,1.920139962,3.762713061,6.196419114,4.427300742,5.335530542,6.187662229,7.517404304,7.121908565,8.598067538,9.491905362,6.263126298,3.101621482,7.427349111,6.494004306,5.052198319,4.897486419,4.522159438,4.003085925,3.768996559,4.608060091,4.865075681,4.268719936,-0.01228573,7.401364874,3.139471477,4.240855225,4.351925989
Lithuania,LTU,GDP per capita growth (annual %),NY.GDP.PCAP.KD.ZG,,,,,,,,,,,,,,,,,,,,,,,,,,,,,,,,-5.835988198,-21.17342213,-15.82874461,-9.137646806,4.088200608,5.828552841,9.102660475,8.244264266,-0.392806939,4.148617929,7.365190179,7.579997637,11.45354178,7.70478467,9.500108219,9.123676972,12.40534514,3.660124768,-13.88775681,2.555336048,8.752238923,5.743976084,5.026825169,4.620352866,3.756324203,3.877440546,5.88872607,5.790665482,4.979383539,0.068446214,6.455358377,1.6952855,-1.053576873,2.186539486
Luxembourg,LUX,GDP per capita growth (annual %),NY.GDP.PCAP.KD.ZG,,2.887846741,0.124677246,2.369929233,6.664577026,-1.857841595,0.380680194,-0.112343962,3.918643274,9.43521286,1.258591295,1.692794945,5.312925549,7.122771739,2.862297657,-7.586475317,2.02809658,1.393542675,3.888387085,2.1061435,0.482551649,-0.843674412,1.048296169,2.961758187,6.077850797,2.5932438,9.491574153,3.279465067,7.67910836,8.735310257,4.009812422,7.198408849,0.476077518,2.811217611,2.416630508,0.017300128,0.027252339,4.106638288,5.355838095,6.723967086,5.510408914,1.854575186,2.149610813,1.379893393,2.76088619,0.926765994,4.339108666,6.442030996,-2.066473342,-5.014263076,1.883548243,-1.176798005,-0.762183314,0.814651723,0.232565199,-0.115476551,2.739791487,-1.116113475,-0.329840314,0.752174049,-2.154174483,5.318430878,-3.069660269,-2.679521653,-0.651008715
Latvia,LVA,GDP per capita growth (annual %),NY.GDP.PCAP.KD.ZG,,,,,,,,,,,,,,,,,,,,,,,,,,,,,,,,-12.18071717,-31.17751898,-3.090712934,3.914791352,0.477696353,3.458756261,10.2650978,7.559434383,3.658721772,6.866198613,7.844419566,8.923681512,9.48207219,9.918172996,12.82794095,13.86469226,11.3194013,-2.368036506,-14.6423128,-1.635143791,4.929579991,8.644499586,3.195451704,3.060973817,4.636452127,3.4931864,4.319358697,5.125604221,1.377746126,-2.789963807,7.848195793,2.083419787,2.960389673,0.359553536
"Macao SAR, China",MAC,GDP per capita growth (annual %),NY.GDP.PCAP.KD.ZG,,,,,,,,,,,,,,,,,,,,,,,,4.03716911,3.26486532,-1.649057543,4.404724065,10.27070388,4.689495572,2.085095663,4.803986182,-1.263413408,7.418887144,1.597598572,0.890437139,0.140863289,-1.809891829,-0.805101565,-5.700796532,-3.523663146,4.960736172,2.105640699,7.792949259,10.3318262,23.53970694,3.784176716,7.617650664,9.641627832,-0.394809777,2.353376284,24.65678152,18.82831898,5.721927575,6.262152275,-6.743501724,-24.10240489,-2.140455399,10.55472488,4.709641836,-4.462848575,-55.22886405,24.06080573,-18.99214221,74.6750086,7.509430559
St. Martin (French part),MAF,GDP per capita growth (annual %),NY.GDP.PCAP.KD.ZG,,,,,,,,,,,,,,,,,,,,,,,,,,,,,,,,,,,,,,,,,,,,,,,,,,,,,,,,1.218924777,5.54794889,-7.155852009,-5.892364166,11.92337033,-5.670344711,11.28972296,,,
Morocco,MAR,GDP per capita growth (annual %),NY.GDP.PCAP.KD.ZG,,,,,,,,7.083911883,6.953817862,5.491123386,1.921694894,2.858048911,-0.103994571,1.027929736,3.043166641,5.013495002,8.16792588,3.400827013,-0.388806819,2.087186811,0.906508824,-4.357022449,6.09558534,-1.226753073,3.781666462,3.5043764,6.906631474,-2.295994506,9.740376437,0.950764805,1.551381446,5.374165378,-3.712877262,-2.308271366,8.934930148,-6.850937356,10.62617699,-3.058480499,5.619102081,0.193527269,1.119234492,6.224629017,2.334860557,4.797592794,3.207134712,1.78494972,6.31205425,2.033027044,4.249780335,2.343925498,2.079764887,4.065610206,1.663846384,2.757864878,1.438524953,3.106347192,-0.693616602,3.783712091,1.914106633,1.816420556,-8.138669504,7.060629957,0.496491364,2.338229245,2.223554117
Monaco,MCO,GDP per capita growth (annual %),NY.GDP.PCAP.KD.ZG,,,,,,,,,,,,3.742295992,3.444487863,5.661276289,3.799779999,-2.00174538,2.818943194,2.063374882,2.656329765,2.429254877,0.823144359,0.290065073,1.436348679,-0.249118009,0.067254092,0.381187158,1.177564697,1.25598439,3.421994528,3.114543875,1.717032587,0.13444211,0.506793651,-1.706328316,1.436993655,1.361184348,0.386629437,1.516617448,2.848892604,2.844754452,3.766154736,2.212928681,1.104397223,1.237416135,2.682991421,2.202270835,6.322689524,15.22830042,0.750035773,-12.78347252,-0.393849531,4.55377433,-1.214002298,7.301905942,5.166590278,3.115104909,1.574239751,-4.23891094,4.379239971,7.247380376,-13.10457414,20.71886737,9.894568218,4.975971036,
Moldova,MDA,GDP per capita growth (annual %),NY.GDP.PCAP.KD.ZG,,,,,,,,,,,,,,,,,,,,,,,,,,,,,,,,-16.10294483,-29.08570559,-1.034036612,-30.68522912,-0.947765203,-5.688417961,2.023687352,-6.504429764,-3.216413267,2.315585605,6.337532694,8.049932249,6.900611284,7.666087053,7.761886245,5.091668016,3.238946836,8.005391955,-5.881237715,7.206974611,5.879385123,-0.576700868,9.073075577,5.06366581,0.429158888,5.870175764,5.990411998,5.920367182,5.22280985,-7.263269768,15.65579761,-2.066404261,4.11813606,2.973327755
Madagascar,MDG,GDP per capita growth (annual %),NY.GDP.PCAP.KD.ZG,,-0.579906019,-0.350066309,-3.458262076,1.309705313,-3.005528236,-0.586251504,2.739107271,3.948953926,0.870595035,2.321284312,0.950700359,-4.140913377,-5.473229301,-1.004239935,-1.745443111,-5.954799121,-0.691255504,-5.57446503,6.564170983,-2.056481734,-12.45359162,-4.760168131,-2.025328354,-1.166805797,-1.738706567,-0.923938491,-1.668148719,0.476736578,1.091465439,0.129377411,-9.06534605,-1.818434336,-0.967365508,-3.100234351,-1.486726004,-1.080186943,0.372555082,0.572337046,1.354572042,1.194501965,2.765905244,-14.98820051,6.614147364,2.231916851,1.731772067,2.347263378,2.653099507,3.625791508,-6.756948552,-2.265802527,-1.26548227,0.200640942,-0.444341802,0.60571012,0.445748708,1.310635934,1.262369943,0.542519019,1.730137229,-9.491825796,2.051158699,1.6026818,1.668875061,1.693120253
Maldives,MDV,GDP per capita growth (annual %),NY.GDP.PCAP.KD.ZG,,,,,,,,,,,,2.04691011,-0.651581795,-1.420833901,2.665357222,-10.67556517,-2.379099462,8.026746055,11.57890318,7.76510253,15.35379893,8.668188278,-5.683182574,13.14428094,23.4610603,11.7921659,5.603340532,5.088993925,5.151626831,5.885899454,13.2974406,-1.638194443,3.656408487,2.82349331,5.198607736,10.42053722,5.516030067,6.227609104,5.517609971,4.38100509,2.149408047,-5.534039128,5.484724314,11.8797349,4.195165195,-12.63126685,20.70664312,3.6243286,5.186575286,-11.52650263,3.080746902,5.091168595,-1.089879863,3.431501874,4.32797684,0.341527892,2.738960115,3.574726854,5.16982905,3.715352668,-34.83116707,33.76855875,12.09906281,4.350487609,4.774418537
"Middle East, North Africa, Afghanistan & Pakistan",MEA,GDP per capita growth (annual %),NY.GDP.PCAP.KD.ZG,,3.431168725,2.702029159,7.648753234,6.652997652,8.820192349,3.765134601,4.753505335,9.1645347,7.324841117,14.12523826,5.961716365,10.44945695,8.029990399,5.613064232,-2.815126784,10.43130692,0.682693198,-3.264077935,2.384300889,-1.692680034,-2.614760466,-4.353642723,-3.525348798,-3.05397157,-2.568924752,-4.590686423,-2.107718205,-0.768707834,0.801474837,5.012282368,-0.628002545,3.237426185,-0.315128877,0.44814969,0.658278887,2.556072454,1.64847554,1.698300775,0.367873977,3.913758913,-0.378560852,-0.221403658,2.30476883,5.408316524,2.803808356,3.445398594,2.735447753,1.921545116,-1.253747254,2.677018332,1.483581935,1.702338892,0.246718568,1.065347375,0.72744759,2.594385471,0.556937213,0.998724068,-0.201809023,-5.057944408,3.555231533,4.369022481,0.175209759,0.021515456
Mexico,MEX,GDP per capita growth (annual %),NY.GDP.PCAP.KD.ZG,,1.770191769,1.350066506,4.644003515,8.294290958,3.621091873,2.638070458,2.411680217,5.891182196,0.131429928,3.187293275,0.59964863,4.988543447,4.6890383,2.726681364,2.76437783,1.553952698,0.631197757,6.111974198,6.907930142,6.087866124,7.053825547,-2.236603975,-6.662250183,1.350950568,-0.16765363,-5.864544919,0.037403536,-0.761612938,1.646419712,3.251048911,1.992701478,1.625622561,0.978743804,2.516516227,-7.570493728,4.39127291,5.410535218,4.45852675,1.12511671,3.421405142,-1.916296589,-1.660630535,-0.219450145,2.161062313,0.745413241,3.395776765,0.650788706,-0.519889915,-7.65517174,3.470842869,1.990263283,2.1573183,-0.447810747,1.270914201,1.609710129,0.790955212,0.923425367,1.0113662,-1.334621769,-9.10287153,5.343066791,2.932857652,2.398388167,0.584780121
Marshall Islands,MHL,GDP per capita growth (annual %),NY.GDP.PCAP.KD.ZG,,,,,,,,,,,,-1.350581611,-1.555588354,30.71375674,12.06349426,-3.22228561,-2.858875391,-0.818190484,2.31318925,-1.055327217,-10.31947527,2.304314754,0.499489676,10.81614451,-0.295604517,-9.973634896,19.70802056,5.233282026,3.986465182,-4.544821029,0.276656024,-1.974666531,5.246953403,4.419296172,4.504074581,6.971215732,-11.23900621,-7.36490439,-1.589100189,-2.287923842,1.436068676,6.057837656,3.027175496,-1.969618743,-0.700644285,1.56552229,0.010251972,3.602839829,-7.55746397,3.687162471,5.488489704,-0.239905289,-0.353868546,5.320614526,0.495281427,3.965217352,4.848125886,6.18444128,8.384961342,13.6597363,0.18904949,4.49871565,2.06474741,-0.842141526,6.271662283
Middle income,MIC,GDP per capita growth (annual %),NY.GDP.PCAP.KD.ZG,,-0.221181427,1.28370049,2.334722754,5.519481909,3.626722476,2.379041785,0.724525484,3.590491039,5.579914493,5.444822549,3.637744284,3.795474037,4.545652752,3.639595503,2.052261812,4.101063731,2.492637561,1.685633174,2.566834776,2.624132543,-0.219037255,0.731366328,-0.507659681,2.65925927,2.419816019,1.582080474,2.493346565,1.999544713,1.065888508,1.19385303,0.965126846,2.493972959,3.318233662,3.454551787,2.883650788,4.547567211,3.97340274,1.70411173,2.126432025,4.064789733,2.143552902,3.347231515,4.522660842,6.279132421,5.984931057,6.884182699,7.540741683,4.627560095,2.725736721,6.8400231,5.149550531,4.311801926,4.341691455,3.927511019,3.571477483,3.59481993,4.173128126,3.900460582,3.076440825,-1.99846784,6.582264204,3.176473288,4.080781449,3.517947809
North Macedonia,MKD,GDP per capita growth (annual %),NY.GDP.PCAP.KD.ZG,,,,,,,,,,,,,,,,,,,,,,,,,,,,,,,,-5.819591554,-5.486240052,-6.285741638,-1.058673573,-1.405069904,0.480270788,2.236720966,2.830100812,3.841473894,4.074050806,-3.473683221,2.233456599,2.092822453,5.013574068,5.291020123,5.719202235,7.083139312,6.084024713,0.287981674,4.021717498,2.810014014,-0.065347234,3.305596704,3.907927558,4.134290505,3.178225747,1.489367186,3.403754111,4.618695011,-3.654368238,5.592130079,3.061935884,2.290110281,4.7995297
Mali,MLI,GDP per capita growth (annual %),NY.GDP.PCAP.KD.ZG,,,,,,,,,2.138662142,-1.305879236,4.466759447,0.937140811,4.117171135,-3.148740093,-3.263947099,9.636135505,11.60400067,4.398941217,-3.353506267,8.216058667,-6.298257119,-0.632155796,-9.351341566,-0.386858869,-2.403072977,17.90143093,0.807428063,-1.86333873,5.531831835,2.256552195,-4.402587343,9.548488558,-5.150046622,1.043675952,1.569970813,-1.24232575,4.773049178,2.473612092,4.881502387,2.80275294,-2.930155699,11.95850584,-0.047718336,5.704769468,-1.675790093,4.040702701,3.212297774,0.515195639,3.093204394,1.279680647,3.504165211,0.710472561,-3.431935966,-0.564984485,4.254772069,2.710182314,2.70047364,2.068917712,1.640975264,1.87829273,-4.106766109,-0.006524311,0.439682902,1.648720986,1.961178244
Malta,MLT,GDP per capita growth (annual %),NY.GDP.PCAP.KD.ZG,,,,,,,,,,,,2.437070257,5.925811178,4.232295007,10.11073417,18.68525676,16.42315246,11.74708387,10.01006096,9.376492786,5.933049982,2.554855453,0.113836738,-2.003414924,0.921302662,0.798852023,2.163795699,3.396064603,7.527756972,7.13131154,5.256597735,3.431027361,3.616450272,3.442436017,4.667593813,5.60371151,3.09824364,4.46341041,4.444567093,4.100969029,18.91149148,-1.499303243,1.978025972,3.014468683,-0.264943762,2.226957612,1.963952816,4.670981286,3.732981366,-2.135934706,5.677001031,0.564965068,3.170686383,5.09521146,5.47816414,6.971012094,1.72254313,9.924499155,3.468401988,-0.048219726,-5.528931893,12.71814802,1.724392731,2.616405418,1.984174515
Myanmar,MMR,GDP per capita growth (annual %),NY.GDP.PCAP.KD.ZG,,-1.701259406,1.821560239,10.86540546,-7.971034807,8.221081854,-6.985885862,-8.035602663,9.544620864,0.978225674,2.632501728,1.829950519,0.197812383,-3.008592153,3.307365946,2.15640117,4.072357415,3.934490772,4.462251151,3.188770593,5.889859209,4.37186577,3.692322741,2.373050408,2.779671849,0.81909433,-2.892363754,-5.665847512,-12.79771138,2.072513012,1.260801813,-2.069509285,8.171526315,4.628818575,6.065418344,5.566950244,5.087303377,4.312620803,4.55299761,9.63242064,12.48237461,10.17561236,10.90722713,12.78394475,12.59575389,12.68413266,12.25552402,11.20043782,9.649811133,9.937364264,8.820589435,4.746580786,6.433248076,7.508738815,7.275686185,6.139600078,5.026521189,5.319574035,5.501797464,5.833094747,-9.693060345,-12.62710001,3.322028415,0.255328678,-1.637609453
"Middle East, North Africa, Afghanistan & Pakistan (excluding high income)",MNA,GDP per capita growth (annual %),NY.GDP.PCAP.KD.ZG,,1.142543724,0.01733537,8.35065539,7.301415388,9.281760819,4.295123801,4.645435191,9.351710955,7.989929476,5.730717033,2.729194198,8.898976547,2.586642087,4.426791155,0.172234113,11.79896119,-1.273716959,-4.721155475,-3.466622755,-6.227987483,-4.447403954,7.574413278,1.553610852,-2.949164684,1.148636576,-4.772567476,-1.995692851,-1.152033514,-0.129117373,6.169599378,-1.589198799,2.111213076,-1.14602048,-0.258328676,0.470566953,3.471205067,1.07601518,3.003588308,1.839615675,3.422373079,0.610202427,0.989162861,0.56610642,5.287714047,2.59262157,3.026584945,3.532321366,1.246081776,0.582075865,2.586761369,-2.445229874,1.50390701,-0.792879223,0.525218085,-0.604846314,3.853052976,1.619959799,0.762135697,-0.572332789,-4.549831761,2.699503842,2.427153795,1.065505268,0.231804488
Montenegro,MNE,GDP per capita growth (annual %),NY.GDP.PCAP.KD.ZG,,,,,,,,,,,,,,,,,,,,,,,,,,,,,,,,,,,,,,,5.220750291,-9.151670806,3.27911916,0.693867402,1.496373122,2.074413797,4.241154432,4.026604843,8.43155401,6.662736076,7.032626846,-5.996977486,2.54625316,3.075857722,-2.891757217,3.35455125,1.594897183,3.240257446,2.833712962,4.611243949,5.001399969,4.010643961,-15.28486184,13.32143717,6.656149238,6.348271128,2.990433417
Mongolia,MNG,GDP per capita growth (annual %),NY.GDP.PCAP.KD.ZG,,,,,,,,,,,,,,,,,,,,,,,5.762662585,3.303869537,3.375609373,3.118070651,6.630804305,0.807482245,2.398571316,1.830810284,-2.009273575,-11.50323102,-9.358938809,-3.049828248,1.002430354,4.676752523,0.671279563,2.43497398,1.914270795,1.627006954,-0.18739105,1.698585023,3.395455999,5.652308562,9.388880568,6.06987815,7.255463562,8.778438288,7.196699126,-3.026463743,4.520040397,15.28304349,10.20814609,9.364878417,5.551308846,0.223539088,-0.547071462,3.62200701,5.754270166,3.679884212,-6.265423783,-0.061421283,3.503077669,5.959523332,3.565602887
Northern Mariana Islands,MNP,GDP per capita growth (annual %),NY.GDP.PCAP.KD.ZG,,,,,,,,,,,,,,,,,,,,,,,,,,,,,,,,,,,,,,,,,,,,2.424546649,-0.829932545,-10.48525517,-4.305448361,-3.927659416,-8.282819996,-14.85421823,3.709125916,-6.549776162,1.519065746,3.607386532,5.33556203,4.716040402,31.09789085,25.17759685,-18.05055987,-9.703268492,-28.162778,6.19656514,18.92356377,,
Mozambique,MOZ,GDP per capita growth (annual %),NY.GDP.PCAP.KD.ZG,,,,,,,,,,,,,,,,,,,,,,2.895070091,-8.917546546,-17.44168773,-8.338212496,-0.875259465,-3.995546078,14.23488779,8.386091059,5.623008734,-0.447724917,2.901508579,-9.350159503,7.483208488,-0.517089158,-3.806416616,7.125514663,8.796915519,7.883878089,9.332531138,-1.430027457,10.36744768,7.23540386,4.817431122,5.762294959,3.881241087,7.359387898,5.118134814,4.275022963,3.219648615,3.861945687,4.19033882,4.938054791,3.535004572,4.625141598,4.322312866,1.673197899,-0.383714309,0.445674339,-0.646283516,-4.105273995,-0.606316437,1.333359974,2.368236363,-1.079236062
Mauritania,MRT,GDP per capita growth (annual %),NY.GDP.PCAP.KD.ZG,,,-1.940748988,-4.642995576,24.14315691,12.83739869,-2.682778439,0.504409038,6.90611599,-1.790098893,8.62046579,-1.202064068,-3.677135045,-7.397111311,8.875116815,-7.892862124,5.409717525,-4.664153607,-3.286940982,1.861201091,0.475989107,0.529030035,-5.111068248,0.793234478,-5.974175105,0.0652218,2.712768848,-0.99208355,-1.176058291,2.179464154,-4.228685169,-1.142373687,-1.950639346,1.676677978,-6.298255333,6.848085148,3.746998157,-6.158469668,0.146944913,0.938401961,-6.555624738,-3.218403274,-0.835751866,4.509219376,2.300584967,5.965957148,15.40394491,-4.485873229,-3.155576099,-2.985687286,-0.603277392,0.846509289,1.115024445,0.935521309,1.180702357,2.255801645,-1.729796675,3.14237148,1.702570472,0.139308525,-3.228954106,-2.124177304,3.712730841,3.394023478,2.209406168
Mauritius,MUS,GDP per capita growth (annual %),NY.GDP.PCAP.KD.ZG,,22.77221923,-2.013536673,10.96153098,-9.104781116,0.919382806,-5.551620517,2.372924237,-8.580168729,3.125716961,-2.041604701,2.629747993,6.715799953,10.32867199,7.173158825,-0.672886411,21.77201066,4.827831442,2.482728188,1.730491666,-11.56492513,4.324779863,4.215300289,-0.535170123,3.609222391,6.083876294,8.906236903,8.079466409,6.058719163,3.668090832,6.425944037,3.3141664,5.120444415,3.843628001,2.688328517,3.394776363,4.513432614,4.37241714,4.962519426,1.314748667,7.144715947,2.534262853,0.911910217,5.161670448,3.677809302,1.176699087,4.377586821,5.246496965,5.006539055,3.041100463,4.129198848,3.911001241,3.209499479,3.110405554,3.639190074,3.553356966,3.791130707,3.844308006,3.950035487,2.858125324,-14.54849559,3.377668734,9.021163173,5.13122105,4.8212473
Malawi,MWI,GDP per capita growth (annual %),NY.GDP.PCAP.KD.ZG,,5.107606263,-1.732379461,-3.772528975,0.175055259,10.87460203,10.50357555,4.66157376,-4.325322867,3.30320711,-1.965713365,13.34479562,3.549868151,-0.346083962,4.31175335,3.156847718,1.988310809,1.71164067,6.058983053,0.610497053,-3.387715223,-8.937053149,-1.464675619,-0.294158569,1.321349407,0.623100536,-3.823965079,-3.113340928,-2.245902107,-3.326574604,1.599705073,5.43465732,-9.992295407,8.103157877,-9.188219227,16.8987564,5.221492044,1.730659587,1.673113249,0.66457829,-0.830828162,-7.246405544,-0.760072947,3.092548353,2.728950463,0.539880655,1.854814551,6.551346557,4.558556158,5.172348754,3.769617523,1.917989323,-0.983601162,2.460763685,2.703864029,0.007925183,-0.256367435,1.221380494,1.602997456,2.951510154,-1.828352407,1.880764329,-1.637493994,-0.694162804,-0.763124396
Malaysia,MYS,GDP per capita growth (annual %),NY.GDP.PCAP.KD.ZG,,4.853550582,3.681455493,4.568810139,2.658923523,4.973814652,5.165852021,1.427491367,5.555560285,2.544409816,3.579121956,7.452014528,6.792445056,9.057731398,5.753216264,-1.580216832,8.922229345,5.196001933,4.123887864,6.75384889,4.499932845,3.623190038,2.622318799,2.882207329,4.307471582,-4.226035104,-2.023691508,1.855115403,6.535061672,5.794476153,5.841093565,6.503850992,6.040177428,7.118988492,6.469228206,7.07315866,7.261940757,4.686113829,-9.607037076,3.635889198,6.336036106,-1.869477291,2.87262555,3.314667348,4.343213108,2.970371272,3.259406539,4.013304403,2.658064788,-3.456026426,5.434240704,3.46597439,3.692765691,2.919232599,4.204477579,3.285785563,2.620045576,3.961865645,3.074017791,2.759501224,-6.709335131,2.131461998,7.565683341,2.28543525,3.838942142
North America,NAC,GDP per capita growth (annual %),NY.GDP.PCAP.KD.ZG,,0.892950043,4.574782406,2.895507139,4.326382959,5.106433234,5.318407867,1.592617726,3.818072189,2.232680866,-0.780556475,1.890349672,4.145322457,4.700908107,-1.171041758,-1.079384277,4.3996182,3.467388011,4.273339446,2.091754122,-1.030301283,1.587308569,-2.878079189,3.448663458,6.186820118,3.292230119,2.392649403,2.54284482,3.215317129,2.498020483,0.563733239,-1.5875512,1.906101732,1.420806542,2.809291986,1.485335963,2.421045217,3.205993252,3.261013283,3.65254563,3.027748268,0.025843924,0.845649566,1.834101078,2.83072343,2.509622722,1.78328378,1.040708153,-0.774886679,-3.480139921,1.831847526,0.865490612,1.4017694,1.333919532,1.715677467,1.948423483,0.926338172,1.743798364,2.258479083,1.905332732,-2.852844978,5.836719381,1.920809225,1.710799971,1.485911355
Namibia,NAM,GDP per capita growth (annual %),NY.GDP.PCAP.KD.ZG,,,,,,,,,,,,,,,,,,,,,,-0.154344011,-2.153704676,-4.397588557,-2.902072688,-2.366051783,1.600301326,0.290096708,-2.670945671,-4.404113073,-3.941079989,4.621863139,3.841752317,-4.670066503,-1.382015342,0.924653082,0.437241203,1.557257936,0.699616557,0.830796515,1.086248611,-0.914261312,2.963313565,2.745127953,10.84640957,1.251936345,5.712860996,3.97963641,1.222883292,-1.168738797,4.409968776,3.303489085,2.748093671,2.902083757,3.356350179,1.534458262,-2.628332104,-3.697734527,-1.703426646,-3.5764916,-10.73729311,0.588992664,2.513088065,1.854448738,1.417120367
New Caledonia,NCL,GDP per capita growth (annual %),NY.GDP.PCAP.KD.ZG,,,,,,,-6.51878157,2.442551615,11.04782562,11.95508346,25.62096004,2.162881775,-1.271766457,-15.19723122,7.67100959,1.843189883,-1.032701899,0.132420916,8.45518362,-14.61488363,-1.520201266,-7.997298655,1.355920958,-3.265753748,0.133296625,2.771094638,-2.619028841,3.943972516,32.32181285,8.724237839,1.000842243,2.132220429,-2.091433292,-1.990600549,0.09536793,3.420783835,-1.83068993,-0.195960723,-5.229457734,-1.168371747,0.008204832,,,,,,,,,,,,,,,,,,3.997541156,-1.422598254,-2.595766005,-2.456294569,2.811857632,,
Niger,NER,GDP per capita growth (annual %),NY.GDP.PCAP.KD.ZG,,1.55872572,7.121098676,6.298861488,-2.716850974,3.913083686,-3.152984819,-2.636289921,-2.353047287,-8.035599592,0.295598661,2.892536007,-7.653101969,-19.23786267,5.893708529,-5.390472509,-2.047274917,4.796993436,10.26999022,4.041300641,-5.323135514,-3.115095724,-0.817728941,-6.671090776,-19.24334934,4.563269379,3.201011619,-2.894570883,3.681668545,-2.071522166,-4.30134943,-3.477954886,-1.131037053,-2.799686936,-1.36907814,-0.878404477,-3.191255929,-1.788182587,6.313035776,-3.594201175,-4.575042267,3.569591777,1.277955097,-1.404926333,-3.183337787,3.505895355,2.12703437,-0.585038842,3.816082889,-1.757856435,4.607665896,-1.381362283,6.455376385,1.430453738,2.779498662,0.60432014,1.926206288,1.332855724,3.574788852,2.43270219,0.189464641,-1.86257596,8.319863726,-1.627618809,4.921994414
Nigeria,NGA,GDP per capita growth (annual %),NY.GDP.PCAP.KD.ZG,,-1.846335329,1.939636574,6.296571442,2.726852519,2.634383861,-6.310854577,-17.52376964,-3.354726694,21.47134119,22.1849337,11.60026825,0.917699404,2.795940586,8.282486854,-7.815860658,5.955797586,2.907191623,-8.607743804,3.516686537,1.003165291,-15.75850513,-9.550817653,-13.20480446,-3.617714269,2.954465398,-2.620752819,0.486537113,4.50152275,-0.787791829,8.796146342,-2.257519035,1.92006635,-4.597233015,-4.374391936,-2.672947592,1.507231646,0.292131867,-0.06485321,-2.032560969,2.244614111,3.079267318,12.21038628,4.428334675,6.265273369,3.531837107,3.170928103,3.677206982,3.832588985,5.067183214,5.028537793,2.397348416,1.378221466,3.814492077,3.537572681,0.081979578,-4.018925343,-1.615855373,-0.406836852,-0.010004759,-3.864201003,1.497160848,1.113267394,0.724295704,1.29437207
Nicaragua,NIC,GDP per capita growth (annual %),NY.GDP.PCAP.KD.ZG,,4.332080138,7.616849942,7.577363531,8.363543375,6.222250138,0.153568912,3.683799243,-1.786117992,2.95511711,-1.769402118,0.13266521,-0.70869482,3.376273078,10.73176233,-3.161399435,2.060689885,5.157007592,-10.46512681,-28.43525776,1.78518532,2.425962931,-3.5008065,1.900686239,-3.981911863,-6.342986172,-3.304669533,-2.957297517,-14.43686584,-4.013389356,-2.35955547,-2.463988219,-1.857506432,-2.555751575,1.166535276,3.776415666,4.387275753,2.245990601,2.13843995,5.51571519,2.679441626,1.641571835,-0.460685992,1.319553608,4.074906672,2.931692579,2.677774446,3.578014564,1.963917911,-4.660511405,2.93880924,4.825798472,5.012084555,3.479434471,3.357912894,3.379142049,3.166509511,3.246915763,-4.629416757,-4.148569071,-3.45179711,9.133306819,2.22853832,3.005110612,2.201989114
Netherlands,NLD,GDP per capita growth (annual %),NY.GDP.PCAP.KD.ZG,,-1.014997573,5.332336874,2.236631337,6.836068175,7.161982015,1.408870388,4.093774101,5.316671613,5.204136994,4.833288512,3.083858425,2.492243351,4.575449107,2.631265243,-0.885418101,3.639544547,1.912636053,2.066332785,1.312405546,0.543127879,-1.461952927,-1.692590092,1.683618654,2.653403885,2.102934836,2.218131491,1.286514919,2.775043452,3.795569466,3.468277532,1.635054768,0.940014972,0.554249719,2.342168192,2.607973326,2.944498341,3.713221618,4.00446948,4.346586151,3.477477809,1.554104164,-0.392037086,-0.373331239,1.662443524,1.795825919,3.371213395,3.659579058,1.72005565,-4.159453223,0.800960653,1.299750338,-1.343636057,-0.324530183,1.247636248,1.66898777,1.880653145,2.175690915,1.663357437,1.632142918,-4.400525373,5.72193523,4.01097881,-0.911427721,0.322423407
Norway,NOR,GDP per capita growth (annual %),NY.GDP.PCAP.KD.ZG,,5.432493155,1.991245519,3.003259317,4.219393699,4.470367905,2.961201558,5.370915608,1.403879661,3.656641879,1.205350007,4.935121713,4.528105894,3.80427246,3.279496636,4.37447938,5.330359575,3.721396816,3.473549145,4.017654271,4.228894762,1.249365446,-0.132144883,3.629363186,5.753520562,5.237775438,3.67166686,1.278413977,-0.790296442,0.62201856,1.582092838,2.594406014,2.978369524,2.234836279,4.458801368,3.61634551,4.496892782,4.715277386,2.059202895,1.3754868,2.650530937,1.551927559,0.832308737,0.354567436,3.401746161,1.988138474,1.639570068,1.854643337,-0.76264795,-3.169256315,-0.46063124,-0.197405947,1.377640883,-0.197883206,0.903762656,0.848799114,0.277407789,1.639507126,0.165560789,0.443398563,-1.857696096,3.354495066,2.322823544,-1.06042752,1.135236994
Nepal,NPL,GDP per capita growth (annual %),NY.GDP.PCAP.KD.ZG,,-0.015037989,-0.053279655,-0.086815131,5.40492265,-3.210521715,4.832982832,-3.632574521,-1.468452245,2.224509312,0.355960221,-3.324383248,0.902574752,-2.621706228,4.03586161,-0.754394199,2.138249704,0.732523782,2.00998844,0.00420813,-4.596154042,5.828999747,1.387926123,-5.251261133,7.138162333,3.76149168,2.280812133,-0.435088375,5.453988667,2.035084103,2.133569228,3.650473751,1.210949587,1.052828784,5.538591444,1.012793281,3.029115232,2.887868242,1.011367515,2.487320854,4.377210355,3.118510504,-1.390743608,2.489263454,3.363247826,2.327545345,2.368661192,2.550455201,5.312314943,3.829096106,4.168864892,2.960357808,4.402446307,3.31847431,5.695912117,3.410803,-0.04051103,8.760206054,7.360097315,5.401921603,-4.231827769,3.029719712,4.776657252,2.054059069,3.817667838
Nauru,NRU,GDP per capita growth (annual %),NY.GDP.PCAP.KD.ZG,,,,,,,,,,,,2.107095158,2.14311457,2.089108262,2.051181071,1.955851892,-3.876077791,-4.159919114,-4.61446454,-5.029006643,-5.116415958,-5.172254153,-5.246328334,-4.898569565,-4.684540613,-4.794280012,-4.940060226,-5.032864603,-5.138965267,-5.145419746,-5.159972389,-20.86884198,-17.68924535,-16.78996189,-4.198050847,-8.177120657,-12.01530267,-9.078614896,-11.79662537,-6.467321636,-6.682144259,-6.4113279,-9.5427609,0.513958692,-4.324337954,-0.246574552,8.490703342,-22.07658185,20.51320752,-5.717870946,-0.428390794,13.77156896,23.21715968,1.183926106,13.98475339,0.710434686,2.528693889,-7.45542338,-2.535970872,7.456828848,1.49131173,6.602304355,2.148913509,0.019224283,1.146981503
New Zealand,NZL,GDP per capita growth (annual %),NY.GDP.PCAP.KD.ZG,,1.270429331,0.493468773,4.015109916,3.90357237,4.375769122,4.362441874,-6.277610877,-0.921752584,9.213061831,-2.727180543,2.246683016,3.276565071,5.710744097,3.806057607,-3.62495242,0.039743261,-4.234977899,0.286422345,2.59278416,1.157358125,4.253763422,-0.068068504,2.094083735,3.889957951,0.989450984,2.730952347,0.104334725,-0.626814137,-0.318262384,-0.767240782,-5.768682808,0.046170925,5.185309114,3.73120972,3.199742406,1.984961364,0.748379238,-0.032531602,4.825437611,2.267395839,2.803398575,2.910130455,2.681434751,2.552428625,2.192866683,1.53451584,2.099976331,-1.853553474,-1.031840781,0.336940896,1.31801414,1.806648746,1.804317788,2.116059879,1.600544966,1.47418018,1.241831776,1.633676224,0.702321767,-2.481207761,4.10387218,3.37907842,-1.078260064,-1.875675824
OECD members,OED,GDP per capita growth (annual %),NY.GDP.PCAP.KD.ZG,,3.080969692,4.111658041,3.650189017,4.996771394,4.135103599,4.294449594,2.680893735,4.771933392,4.32792191,1.60692417,2.413096991,4.164904964,4.885565732,0.023347807,-0.913949805,3.732431212,2.779146146,3.407515119,2.943352554,0.318557409,1.225752584,-0.697207882,2.019144709,3.904508146,2.889014294,2.205673557,2.716073308,3.690833942,2.906077615,2.024963532,0.188666979,1.133460793,0.504204825,2.377108973,1.862267629,2.313340839,2.845270037,2.265758344,2.682719411,3.364268298,0.66853744,0.786984739,1.301243425,2.526946873,2.11475647,2.302201458,1.865362521,-0.406772361,-4.083475222,2.259083604,1.351449135,0.743176278,1.022880167,1.56284997,1.885086454,1.199890475,1.963444393,1.708437456,1.284256896,-4.265203306,5.765245652,2.509047745,1.135791599,1.169431206
Oman,OMN,GDP per capita growth (annual %),NY.GDP.PCAP.KD.ZG,,-0.615640334,17.98331129,2.502227272,-1.978920041,-1.724653232,2.820688404,62.28555526,77.4100104,22.46109772,10.9002542,-1.833254087,6.772472534,-16.69972636,7.646438427,19.34090333,15.23781399,-3.788922208,-8.506158865,-1.033926065,0.514494484,10.83981495,5.544727982,10.36842685,10.51390149,7.318559278,-4.34413097,-9.074620929,0.122614609,5.912426289,-5.097198268,1.059963619,3.560749264,1.666437984,0.874063801,3.080906628,1.307045705,4.397841804,-1.496337274,-1.056676874,4.832648807,3.341352896,-1.927095994,-3.297594609,0.252575658,0.482138133,2.380917662,2.718658527,6.612418447,3.68717579,-0.232906393,-7.784145208,-5.572027839,-2.644160023,-2.972741653,0.43845033,0.118553614,-2.93490377,-0.045238236,-0.985733221,-1.911048576,3.08530455,2.739587647,-5.206473185,-2.797298205
Other small states,OSS,GDP per capita growth (annual %),NY.GDP.PCAP.KD.ZG,,,,,,,,,,,,,,,,,14.31442017,8.052283431,5.056752838,12.8052448,-4.560051722,-9.322437726,1.26195169,-0.675671098,0.972832395,0.167655995,0.099182551,4.08743732,1.159212709,0.87068212,3.095719435,-2.491063161,-3.879924508,-0.156655239,1.968502667,3.674580705,2.133802974,5.114532525,2.108470897,2.47193204,7.094265124,1.38062515,1.721259474,2.885456872,3.439566829,3.359910988,5.100860553,4.133400832,-0.27046326,-6.101069489,1.266494681,2.335406651,0.165000587,-0.116361054,0.941556925,2.334474212,3.016924181,3.95948009,3.163439573,3.092063412,-6.824588755,6.67006819,3.325584324,1.539344686,1.927563219
Pakistan,PAK,GDP per capita growth (annual %),NY.GDP.PCAP.KD.ZG,,3.249714912,1.803640679,5.849720779,4.706405028,7.439380163,2.893550831,2.468317628,4.221168371,2.529267803,8.196492033,-2.262608152,-1.937965288,3.991583064,0.539790187,1.142304831,1.986129335,0.738518333,4.642357578,0.225709313,5.803954408,3.504621834,2.606488136,3.144761072,1.822413023,4.235683986,1.994705842,2.88408948,4.067600709,1.585062505,1.024211812,1.644558144,4.666481014,-1.024740926,0.779593544,1.972285548,1.838808287,-1.802541127,-0.242732275,0.876623663,1.356197969,0.7932392,0.110981031,2.949225643,5.202455895,4.7286346,3.555331168,1.721483739,-0.577212099,0.87615081,-0.975474718,0.408754534,1.082271969,2.68232501,2.566004131,2.766486407,5.195068599,2.966236784,4.442019422,0.778096107,-3.038893283,4.523045652,2.962502872,-1.576098987,1.688057462
Panama,PAN,GDP per capita growth (annual %),NY.GDP.PCAP.KD.ZG,,7.687844679,5.036156487,5.295021274,1.312400708,5.926523553,4.425658003,5.407257925,3.922563913,5.386289916,3.977230559,6.586282649,1.729691617,2.54592437,-0.236575306,-0.870333871,-0.884165966,-1.381678663,7.159000827,2.041184121,10.42815462,6.652426056,2.89203636,-6.711225798,0.337222278,2.551832837,1.24877511,-3.969327064,-15.25291859,-0.591338056,5.820296594,7.12083869,5.95973636,3.287712789,0.752456348,-0.302769545,-7.65193434,5.5649554,6.244415086,3.14763386,2.182302226,-0.995989282,0.549728201,3.104742454,6.134421845,6.254117795,7.839199994,11.09685012,8.209272271,-0.205009314,4.197972049,9.94036229,7.709865076,4.487866349,2.830877079,3.461073876,2.779799104,3.947881507,2.193990651,1.475701353,-18.942166,15.06954247,9.376025512,6.002577513,1.567392576
Peru,PER,GDP per capita growth (annual %),NY.GDP.PCAP.KD.ZG,,4.262545763,6.87758002,1.344772275,3.509560037,2.630228944,5.195925996,0.953450354,-2.625955907,0.662403103,0.805231903,2.044719651,0.768068341,3.56062807,6.653837407,1.733771888,-1.024079521,-2.098941012,-5.037249524,1.526892199,3.332670606,2.95542958,-2.670868558,-12.60863418,1.075403298,-0.398366079,6.875309071,7.246135243,-11.47304347,-14.25815835,-7.063697951,0.086999667,-2.545468495,3.142448225,10.10884935,5.34941937,0.883745825,4.526364361,-2.187052994,-0.243054508,1.104334982,-0.748837166,4.202936083,3.061176765,3.934328825,5.34332346,6.681138497,7.734062096,8.410906656,0.473893282,7.627743625,5.535956263,5.2551302,4.902714879,1.369388824,2.093619907,2.576230397,1.019431416,2.10184539,0.502286291,-11.98912339,12.27773964,1.82762015,-1.492559809,2.180172788
Philippines,PHL,GDP per capita growth (annual %),NY.GDP.PCAP.KD.ZG,,2.388983244,1.562600487,3.69778991,0.238298958,2.173356196,1.359686154,2.17082932,2.040654099,1.769720248,1.04270982,2.936261981,3.049620288,6.391236972,1.184271795,3.081541382,6.057370043,2.787623929,2.405769468,2.816613627,2.492864193,0.762840993,0.867465797,-1.029301255,-9.689387196,-9.366577782,0.893781439,1.647821027,3.872193083,3.538720167,0.476020889,-2.798713241,-1.933978396,-0.245903974,2.122441036,2.360639549,3.449578997,2.740559804,-2.984749546,0.738331283,1.928279712,0.800810378,1.634409567,3.02447665,4.518295358,3.009220967,3.559722383,4.687504953,2.516571286,-0.36295529,5.158694303,1.837605141,4.84076534,4.762666338,4.615140683,4.787250557,5.721214859,5.562230207,5.034290671,4.835775467,-10.54886151,4.761639163,6.765954106,4.667697363,4.823012407
Palau,PLW,GDP per capita growth (annual %),NY.GDP.PCAP.KD.ZG,,,,,,,,,,,,-3.202974003,-3.238202194,-2.655872578,-0.95966966,0.278195011,0.410740824,2.021273763,0.191346385,0.457616297,0.161696348,-1.426476151,-2.66584219,-0.513231055,2.025469945,2.732808589,2.91036087,3.156240869,3.197465506,3.320015783,3.266832201,2.520099084,-8.595297925,-14.35165679,4.753494523,8.158930445,7.529667238,-0.264852835,-0.290664341,-7.286903127,-4.010655986,5.542855833,4.203071073,-3.991229089,3.094716013,3.419183321,1.028326211,3.288090855,-4.037284311,-5.773493474,0.790317697,6.967357176,3.037387541,-2.39339135,4.373748235,7.865089628,-0.591032718,-3.34148599,0.098768864,0.290092619,-5.967734094,-13.75026419,-1.185066181,2.060935917,
Papua New Guinea,PNG,GDP per capita growth (annual %),NY.GDP.PCAP.KD.ZG,,3.533650557,3.946196917,1.766075047,6.2409812,7.926111494,3.501271942,1.766117001,2.034287944,5.790041175,8.246018249,3.777287811,3.151169171,4.066717716,0.297810636,-3.068377951,-5.487236219,-1.325690146,6.25914526,-0.279951899,-4.305450629,-2.318200831,-1.715175027,1.076045917,-2.448911284,1.795847972,2.458974457,0.570822048,0.709678426,-3.60611931,-5.511313751,6.132447819,9.890938499,13.98471111,2.174339374,-6.728163025,3.949243211,-7.266697495,-7.094043567,-1.627826198,-5.800698818,-3.457957151,-3.454936025,-1.172314468,-0.591008801,2.962669858,2.101062379,4.476614136,-3.345403253,3.578486867,6.852310148,-1.797584717,1.781564097,1.057497576,10.60317509,3.898978937,2.917910217,1.086926272,-2.56991255,2.14824965,-5.206887606,-2.470245898,3.73630442,1.947760074,2.255864618
Poland,POL,GDP per capita growth (annual %),NY.GDP.PCAP.KD.ZG,,,,,,,,,,,,,,,,,,,,,,,,,,,,,,,,-7.344790996,2.201065853,3.47468276,5.070855523,7.783275673,6.013198116,6.289311515,4.584212344,4.707878067,5.755022677,1.261675976,1.948404863,3.593265477,5.152304957,3.306214772,6.269429324,6.818439881,4.369536452,2.545616825,3.464008539,5.198882223,1.512024367,0.745031977,3.998318321,4.501384676,3.075475283,5.139335422,6.246071105,4.606007273,-0.861202002,8.471718,5.712275974,0.616853101,3.296865995
Pre-demographic dividend,PRE,GDP per capita growth (annual %),NY.GDP.PCAP.KD.ZG,,-2.559706098,3.625537033,3.224888573,2.102494266,1.832253645,-1.375808824,-8.140638997,0.954046004,8.464044902,5.783663974,6.476773274,0.686662326,1.2329292,5.344369041,-3.158971828,3.938484609,1.721149758,-3.171672679,2.423646633,1.290969486,-6.327908591,-3.703112211,-7.37449594,-2.190626226,0.771710903,-0.224552892,1.096287937,1.08914454,-1.300011995,5.515076595,-10.45944001,-0.514629164,-3.540140582,-3.231093132,-0.113978301,2.824228382,3.535901974,4.009513685,1.300365042,2.619236462,1.419909309,2.847310962,-3.59664922,8.7914866,2.948459251,3.209825226,3.198954244,3.370131908,1.756640333,3.517586509,1.321072185,1.197413232,2.775647781,2.236566412,0.212568569,-0.406014347,-1.148728083,-0.171490932,0.579379461,-5.10438218,0.535952826,1.694964548,-0.27811106,0.514879689
Puerto Rico (US),PRI,GDP per capita growth (annual %),NY.GDP.PCAP.KD.ZG,,5.180691477,6.086398521,6.2994058,4.98448172,7.523660437,6.229836986,5.392966097,4.532851624,8.475261451,7.047929158,4.663795477,5.078763543,4.071923338,0.798560594,-2.469629012,4.502977117,4.412682376,5.540172762,6.58980534,3.010752187,0.007746617,-2.604948584,-3.335473117,4.881749916,2.095776345,3.975056526,4.776533924,4.911513148,3.389951212,-3.701708114,1.583227815,3.891316524,3.766936312,3.222679345,3.587663831,1.172302708,3.9099388,4.925886899,4.863317305,2.986751501,6.086049177,0.786424309,-0.009183946,8.726426332,-1.845460353,-0.991030023,-0.582297403,-1.266583422,-1.416210921,0.013091856,0.477827774,0.915046582,0.506273089,0.088781153,0.346031007,0.28908177,-0.903680355,-0.86954915,1.306005302,-3.564746344,0.966080975,4.3183096,1.01081914,3.242721329
"Korea, Dem. People's Rep.",PRK,GDP per capita growth (annual %),NY.GDP.PCAP.KD.ZG,,,,,,,,,,,,,,,,,,,,,,,,,,,,,,,,,,,,,,,,,,,,,,,,,,,,,,,,,,,,,,,,,
Portugal,PRT,GDP per capita growth (annual %),NY.GDP.PCAP.KD.ZG,,4.688668547,5.847863243,5.447292906,6.251799366,7.908127608,4.865748976,8.228805391,9.342101838,3.041293054,10.08518348,7.084084085,8.182480109,11.16628034,-0.258164705,-7.914608343,3.902713654,4.487287169,1.712589641,4.512542895,3.46437141,0.740801365,1.512894023,-0.635202524,-2.256577926,2.526605671,4.046278081,6.410062709,7.600903359,6.596070802,4.177328827,4.609033961,1.168103113,-2.163020715,0.693517744,3.922373283,3.115805207,3.935797841,4.279611241,3.320509591,3.089053111,1.227263252,0.220543237,-1.301741934,1.545619941,0.595038069,1.441937556,2.305551833,0.174699974,-3.214388808,1.690927467,-1.568856543,-3.661114501,-0.439198383,1.28604644,2.01139554,2.326430626,3.567001745,3.111235591,2.721302548,-8.301071216,4.89913206,6.242470714,1.217795319,0.752522028
Paraguay,PRY,GDP per capita growth (annual %),NY.GDP.PCAP.KD.ZG,,4.466541024,0.905818908,2.184132496,1.63823007,3.567300822,-0.46308336,6.585081941,2.127438947,2.342520087,3.209177053,3.182904459,4.185314998,4.737828963,5.718282097,4.231319527,4.907289525,8.772132744,9.270003117,9.052436,8.811914984,6.234905974,-4.105051174,-5.727417386,-0.041351936,1.613273528,2.035070609,4.587430503,2.986287985,4.015137617,1.338274857,0.781250906,-0.915221182,2.312262511,2.757147925,4.294664442,-0.760754496,1.918916576,-2.088785051,-3.39883388,-4.185808704,-2.493692859,-1.420732436,3.04557479,2.865103535,1.01015475,3.720979119,4.393117569,5.468280183,-1.275227078,9.803147314,2.911549888,-2.095165191,6.746512237,3.785582172,1.46452367,2.765972508,3.329629423,1.779644257,-1.742191127,-2.151667316,2.764913475,-0.954302474,3.715423418,2.971019322
West Bank and Gaza,PSE,GDP per capita growth (annual %),NY.GDP.PCAP.KD.ZG,,,,,,,,,,,,,,,,,,,,,,,,,,,,,,,,,,,,2.427065971,-3.217749193,9.646234186,11.44957353,5.548782907,-10.86259291,-11.59906908,-14.69622458,11.13917267,18.84844713,8.482908417,-3.49430235,1.169825962,4.513711439,5.734576813,3.065654256,6.867834875,3.510367464,2.214850479,-2.471026305,1.372585088,6.446661461,-0.577622802,-1.304814192,-1.151613665,-13.49638697,4.414695345,1.588564714,-6.812919487,-28.2706767
Pacific island small states,PSS,GDP per capita growth (annual %),NY.GDP.PCAP.KD.ZG,,,,,,,,,,,,4.183504173,3.389897523,8.89034595,1.109586902,-1.5858812,-1.099380968,1.089995215,-0.108979647,6.135712499,-5.510354894,0.707332255,-5.377702961,-3.31640524,2.994103227,-3.860833384,3.06998686,-3.860377149,-0.560222019,2.865924411,2.092500741,-1.965555212,3.310924867,0.45834619,3.378510987,3.088102774,1.658651248,-2.711105149,-0.12244186,2.730916764,-2.870382395,-0.42861258,0.732660916,0.630248718,2.781254482,1.273186462,1.210756785,-0.94656952,0.937024915,-1.534930644,2.514260138,2.434465673,-0.320198708,1.880458285,2.219734518,2.663014488,2.31797525,2.53895519,1.473997665,0.104260546,-11.08094709,-3.799712756,8.116679262,3.758556741,2.73152917
Post-demographic dividend,PST,GDP per capita growth (annual %),NY.GDP.PCAP.KD.ZG,,3.271915687,4.334270881,3.780979146,5.139122085,4.376084255,4.47259902,2.876873177,4.918904519,4.622416727,1.747081185,2.578090354,4.326800432,5.169947107,0.084297714,-0.841259745,4.017012538,3.073029339,3.579057177,3.09028309,0.400116151,1.27747192,-0.408628791,2.570490486,4.254323268,3.185727688,2.62746057,2.956323019,4.071994739,3.168893139,2.044799364,0.321756396,1.197818594,0.520212654,2.570948248,2.160050546,2.367450163,2.895247479,2.323681361,3.045054129,3.520663087,1.03901772,1.013911258,1.515037704,2.676373154,2.270664311,2.381821647,1.932795324,-0.259104794,-3.876340827,2.405297975,1.37385388,0.793243035,1.122075665,1.584865229,1.784144005,1.3250383,2.054429357,1.857560942,1.513936087,-4.260692146,5.71856862,2.614340888,1.500743161,1.202812337
French Polynesia,PYF,GDP per capita growth (annual %),NY.GDP.PCAP.KD.ZG,,,,,,,5.932484016,-7.922747809,11.04152815,-6.007191695,-1.848795613,8.265671372,-7.776619637,4.368038671,14.31192717,-7.800777377,5.015811217,-0.932887381,6.51841216,0.670375299,-2.663138862,-0.55399895,-1.438183905,-0.624012304,-0.376948766,-3.638406003,10.68508064,-1.271898901,-5.941585471,-0.119196508,-1.900958537,1.67566155,-3.23438697,-2.976207647,-3.248291726,-1.9047641,-2.153515268,-1.70605642,0.086531793,0.29539116,1.637900193,-1.876704984,-0.650790591,0.559535345,-0.615266205,-1.179367188,-0.534705153,0.477742673,-0.716512348,-4.623022432,-2.862212447,-3.371569435,-1.419845322,-0.201995117,-0.010253638,1.261471204,1.821427961,3.954160214,1.970257964,2.987463451,-7.109201959,1.88179648,4.248041248,2.725803471,
Qatar,QAT,GDP per capita growth (annual %),NY.GDP.PCAP.KD.ZG,,,,,,,,,,,,-2.551935035,-0.41477147,0.287639462,-3.332434321,-2.743661201,0.074461844,-13.98457695,1.424615749,-1.631776689,-7.202334873,-5.162304881,-12.2503214,-7.236097765,-0.808335023,-6.95130511,0.795921094,-3.629914736,2.232619374,2.633106933,0.001027154,-4.835569294,7.821291967,-4.35699357,-1.609685538,-0.56050139,1.474827093,24.93885431,5.463651377,-1.157435519,2.586597352,-1.149555604,2.166689179,-0.942747091,14.80215524,0.710908912,7.050381966,-5.030134573,-0.34073947,-0.705591683,19.00584661,12.82189394,-1.209077614,-5.128747192,-6.185242281,-3.861374283,-2.451009489,-4.156003204,-0.134704953,-1.522036842,-8.924508176,13.36153814,-1.790978898,1.236724265,-4.488034221
Romania,ROU,GDP per capita growth (annual %),NY.GDP.PCAP.KD.ZG,,,,,,,,,,,,,,,,,,,,,,,,,,,,,,,,-12.15844134,-7.939239528,1.66711861,4.083147899,6.448659414,4.207522544,-4.57473043,-1.826823974,-0.220150555,2.593928181,6.696722599,7.655869434,3.081963843,11.05911322,5.316506112,8.670675853,8.829648237,11.1442089,-4.726288594,-3.333352914,5.010833714,2.358280667,0.651822267,4.506725444,3.643069411,3.451695415,8.822666571,6.746218334,4.472191654,-3.142397913,6.33606362,4.3667763,2.345293688,0.761555154
Russian Federation,RUS,GDP per capita growth (annual %),NY.GDP.PCAP.KD.ZG,,,,,,,,,,,,,,,,,,,,,,,,,,,,,,,-3.162835973,-5.31876191,-14.61391714,-8.619686184,-12.53978986,-4.122772365,-3.614975495,1.56770415,-5.143115362,6.729502923,10.46370916,5.546718339,5.182750238,7.787967524,7.632491182,6.806607653,8.554941475,8.685765482,5.246210018,-7.827749977,4.453096398,4.176976244,3.762719155,1.453147679,-1.121940417,-2.276211411,-0.0904862,1.613873259,2.716592717,2.142026247,-2.526804317,6.218577409,-1.097171763,4.37751097,4.556260994
Rwanda,RWA,GDP per capita growth (annual %),NY.GDP.PCAP.KD.ZG,,-6.900036078,8.564592795,-11.83675467,-14.45842282,4.246895891,4.01842036,3.736117757,3.742980905,7.636243069,2.821970192,-1.740045416,-2.594701257,0.46919716,-1.518105539,-4.949887863,16.0240041,-0.974716489,5.965717174,8.542184506,5.619559823,2.117567712,-1.474719939,2.50297769,-7.412811078,0.93874158,2.006074538,-3.247384804,1.220852629,-3.050656966,-4.921598673,-4.478593614,3.718965765,-11.53819241,-41.5406116,61.87353501,-4.642288541,-1.512871573,4.461545845,3.503655065,7.499871066,7.526799287,11.66824451,-0.019686845,4.645118905,6.506697423,6.352667291,4.807909927,8.277574202,3.542919168,4.659797964,5.342776973,6.071726785,2.233014831,3.631645706,6.282592219,3.488788293,1.509064569,6.031779965,6.979296301,-5.516369026,8.456009305,5.817732742,5.896000904,6.583267311
South Asia,SAS,GDP per capita growth (annual %),NY.GDP.PCAP.KD.ZG,,1.508922028,0.815664086,2.410222228,5.22879305,-4.107853327,-1.585366312,3.860625288,1.924212826,3.516218974,2.771565191,-1.512119061,-4.244040214,1.021240968,-0.06657402,4.796231898,-0.184388212,4.111968781,3.420702305,-5.772494555,3.38675573,3.696189023,0.946561323,4.172165639,1.692435267,2.663515673,2.328799975,1.516791398,6.144259717,3.179442574,3.323287311,-0.61911186,3.216871598,2.668199617,4.237755829,5.07850992,4.97363938,2.192863654,3.959069732,6.171586014,2.158410919,2.667613945,1.956756176,5.672662978,5.793875331,5.971282611,6.293080202,6.002067292,2.075104711,5.933981489,6.727058482,4.053674353,4.279301925,4.952171583,5.962825507,6.461739174,6.737337299,5.60196772,5.279340855,3.041009511,-5.90537298,8.330281926,6.241736558,7.554168702,5.287342508
Saudi Arabia,SAU,GDP per capita growth (annual %),NY.GDP.PCAP.KD.ZG,,7.849483363,7.884465788,4.761675589,4.820880169,8.047491443,4.226835239,4.861210692,3.545232337,1.867171118,46.36602733,10.23008054,13.25933074,16.51040766,10.26498206,-10.31416407,9.192784455,0.160115793,-5.390140133,4.703459702,-0.225211055,-2.992853543,-21.07451587,-16.25134998,-9.54915704,-12.38486385,-4.574042515,-8.454290655,1.076448082,-4.534276014,4.157769445,3.178048102,-0.125826731,-3.968576314,-3.276577892,-3.75839336,-0.741787099,-1.236756317,-0.96631724,-4.164962818,0.150492544,-4.740970888,-5.509626786,3.697831682,3.755940092,1.356622904,-1.015908105,-1.940860754,2.042988191,-4.865016112,6.087203608,6.799876432,1.408833785,-2.477145912,1.506566098,-0.634810334,-2.034368942,1.106441667,5.897077302,2.09951105,-8.343449763,9.177456927,7.159129057,-4.014293878,-2.799464307
Sudan,SDN,GDP per capita growth (annual %),NY.GDP.PCAP.KD.ZG,,-2.696324812,3.946745346,-5.593092425,-4.012257928,3.611394947,-6.346708931,-1.467526718,-0.981796868,-1.548674975,2.833195144,-0.830443352,-8.001897073,-3.026672296,7.405310166,11.94627268,12.8461179,2.783118363,-9.309871281,-8.549250975,-2.318699613,3.426225772,2.20442598,-1.058931724,-7.06459755,-7.959232438,3.451381159,12.18355577,-1.555209095,7.668564257,-7.122836775,5.352459704,4.549636652,2.490416974,-1.4691715,3.221666237,3.528209889,15.58996021,1.804409313,0.524555771,3.371329754,3.515158586,3.046408525,3.476626013,2.385010785,2.75337218,3.555877526,2.693292113,0.693530744,-5.810421854,0.758886049,5.872001186,-7.200563692,-0.372546264,1.864529241,-1.148102931,0.369473162,-2.719874524,-6.01716756,-5.007959438,-6.185958079,-4.477007796,-3.598008466,-30.36317357,-14.1897699
Senegal,SEN,GDP per capita growth (annual %),NY.GDP.PCAP.KD.ZG,,0.132125345,-2.913768235,-0.970509914,0.977287296,-1.543513196,-0.094891964,-4.111963318,3.165472586,-9.30013111,5.369252928,-3.081554185,3.247397217,-8.357656426,1.212053911,4.595574058,6.094083025,-5.026312754,-6.171284193,4.472492945,1.448513885,2.522785353,5.207026118,-8.146961833,1.139534772,0.615796763,0.204711045,3.204848336,-3.647845994,1.027492627,-3.552915227,-0.216527599,-1.474497349,-1.390917377,-2.687591598,2.798250423,-0.443182027,0.642689765,3.452906345,3.793742205,1.413357053,1.811768659,-2.352866649,3.08280432,2.216602372,1.898549721,-0.023903098,0.466183194,1.305181118,0.349911484,0.952269607,-1.195441883,1.255746464,-0.578035528,2.912079406,3.15103873,3.235035724,4.35023573,3.27615847,1.808922903,-1.291475933,3.873432598,1.31913435,1.79788239,4.440046372
Singapore,SGP,GDP per capita growth (annual %),NY.GDP.PCAP.KD.ZG,,4.580373932,4.616034381,7.293766759,-5.555053671,5.245415269,7.474577044,10.05090033,11.58597603,12.13398097,12.18402306,10.37079951,11.23603988,8.555359642,4.366072197,2.481255806,5.998924538,5.38197486,6.481254758,8.180134489,8.724607403,5.614279638,2.503512627,7.153752205,6.755184056,-0.758403193,1.438615057,9.14418252,8.475501124,6.971857275,5.631848024,3.695382282,3.483718244,8.675304888,7.665158475,3.968567752,3.190985139,4.739926747,-5.457986674,4.876891842,7.165988202,-3.703665952,2.979229621,6.101275546,8.572205292,4.872093269,5.648343294,4.572986271,-3.415492694,-2.846771949,12.50852155,4.023381649,1.904462237,3.133979149,2.594723155,1.762324686,2.410214435,4.384378349,2.967196993,0.155397509,-3.514233805,14.43081593,0.719821623,-3.007155715,2.326636567
Solomon Islands,SLB,GDP per capita growth (annual %),NY.GDP.PCAP.KD.ZG,,,,,,,,,,,,,,,,,,,,,,-5.150709628,-5.000547544,0.401710873,-3.164980421,-6.319005586,-3.411417679,4.978176224,-1.954197625,1.013483064,-0.930739362,2.804225798,9.350724724,0.95199203,4.965267532,6.924447229,-1.28334307,-3.702034469,-1.511539423,-3.127655428,-16.21714201,-9.730561274,-4.614979566,4.584968909,5.764512437,5.475723934,2.33469175,1.865500221,4.423349561,1.007854746,6.656335755,3.548680949,-1.224772515,1.463159103,-2.413295032,-1.90278931,1.895257343,-0.426230099,-0.648776163,-0.912850987,-5.503134244,0.130939473,-0.019702918,0.22611601,0.136946416
Sierra Leone,SLE,GDP per capita growth (annual %),NY.GDP.PCAP.KD.ZG,,0.224133639,2.844248737,-0.008586663,4.831220882,5.257859061,-0.159254658,-1.827737382,0.099949177,6.493351013,6.581230366,1.558672013,-0.934146898,0.381693942,1.603669235,-0.183188015,-2.229398104,-1.786513766,0.447648693,2.491680475,2.77392623,0.821575318,2.652937001,-4.168440076,1.837522074,-7.384975482,-1.206132426,4.39382685,-9.554998354,-1.755016781,-0.658850957,1.160284417,-17.45976979,1.599776326,-2.322738982,-8.133465161,1.26843594,-7.083147123,0.788223068,-2.484549134,4.107498036,-11.71609942,19.43067401,5.122375536,2.939370479,1.584345635,2.007131065,1.496131503,1.129053194,-1.167297505,3.500219219,5.315958374,7.812995643,11.8800866,-9.991268684,-6.554875876,3.960563262,0.774679248,0.506744299,3.081711377,-3.506777889,3.515279571,2.99519003,3.414716416,1.815668627
El Salvador,SLV,GDP per capita growth (annual %),NY.GDP.PCAP.KD.ZG,,,,,,,4.181853485,2.502126183,0.401605989,0.715996768,0.386271474,1.405835635,3.653936756,2.43221587,2.941489567,0.656013864,2.80718499,4.522298067,3.097047205,-6.025362728,-16.94894763,-6.344284867,-7.359970198,-0.292072197,-0.579001392,-1.373485729,-1.773251018,0.501824075,-0.149099217,-1.001232391,2.876949436,-0.267045669,5.287342725,4.428308509,3.699543292,3.861583818,0.062055472,2.444592868,2.020333959,1.589906309,0.626535379,0.46220479,1.257831269,1.362756612,0.787383831,2.665322592,4.393649087,1.720416076,1.824471867,-2.415991532,1.818016136,3.400791706,2.486379215,1.769083037,1.331326807,2.05686594,2.255892674,2.038089506,2.309139463,2.396133219,-8.075625886,11.52715941,2.552374867,3.058269878,2.139548111
San Marino,SMR,GDP per capita growth (annual %),NY.GDP.PCAP.KD.ZG,,,,,,,,,,,,,,,,,,,,,,,,,,,,,,,,,,,,,,,6.128725994,7.672796924,0.88302578,4.240283369,-0.959002843,2.55977184,-1.179567927,1.124023884,2.632996729,3.584883324,-1.918224221,-14.1287766,-6.053286508,-6.487814736,-9.402513148,0.501232921,0.471381911,1.539019184,1.713661811,-1.887691199,-0.555259041,1.650508688,-6.935189321,15.62028907,9.487110556,,
"Somalia, Fed. Rep.",SOM,GDP per capita growth (annual %),NY.GDP.PCAP.KD.ZG,,-5.743403628,4.319001964,0.155585602,-8.53475903,-8.38493563,6.270543543,3.19834612,-0.618246886,-4.248863837,1.855763398,-0.502941604,11.91388743,-14.45455912,-1.825870779,11.84789582,-4.282221249,10.64866387,-1.470296116,-16.04555741,-6.558748126,5.434832614,2.407709327,-14.35240064,-0.428395915,5.195053991,-6.095264991,6.226677235,3.314367485,5.566429136,2.789328217,7.015720488,-3.998717651,1.091111418,-21.88517154,0.304750695,4.192029248,-2.311591443,2.261929847,3.063986197,2.909451709,2.920916235,3.668034471,3.729896838,3.236370713,3.455217909,3.2722885,3.423766147,3.579426215,4.035137344,4.079104897,5.942029317,5.732565338,7.437854959,5.139145934,6.722192586,2.993470207,10.36770438,-1.484702379,-0.886143106,-6.37473582,-0.257094286,-0.333977531,1.056062208,0.414153603
Serbia,SRB,GDP per capita growth (annual %),NY.GDP.PCAP.KD.ZG,,,,,,,,,,,,,,,,,,,,,,,,,,,,,,,,,,,,,6.249632753,9.272217789,5.771279216,-10.0003177,6.394506548,6.962279112,6.589375016,4.831411407,6.936089169,6.222143477,4.310010295,8.270173569,5.609522775,-2.753437507,2.02027693,0.813571318,0.040200497,0.941379085,-1.32558619,1.815452538,3.515887747,2.909615087,5.222668883,5.313818892,-0.288042265,8.972580823,5.247053291,4.494496847,4.445421353
Sub-Saharan Africa (excluding high income),SSA,GDP per capita growth (annual %),NY.GDP.PCAP.KD.ZG,,-1.286134456,3.483302658,3.686068135,2.404697016,2.039473256,-0.687046581,-3.410649577,0.419390241,6.343701856,5.087238247,4.889991855,0.195832285,1.437365295,4.634302688,-3.087262932,2.312121253,-0.14001609,-3.21244297,0.778536582,0.470006937,-3.869939013,-4.153918038,-5.626323433,-0.562148078,-0.639109915,-1.139348985,-0.151348283,1.696811947,-0.364153703,-0.390979177,-1.995058529,-2.787612658,-3.769322291,-1.592794925,0.615274152,2.257540394,1.445771604,0.001822172,-0.509675567,0.743234797,1.408300856,3.694149171,1.489391012,3.69448796,3.094848982,3.095296081,3.168517554,2.204817567,0.199261132,2.963865969,1.442295046,0.340694381,2.077481307,1.797917517,-0.048420763,-1.707756644,-0.447078799,-0.096235037,-0.20767175,-4.862393839,1.652370541,1.124141834,-0.134027235,0.721303125
South Sudan,SSD,GDP per capita growth (annual %),NY.GDP.PCAP.KD.ZG,,,,,,,,,,,,,,,,,,,,,,,,,,,,,,,,,,,,,,,,,,,,,,,,,,0.201710077,0.055305221,-9.665518592,-48.42872583,8.975512361,2.74063966,-9.769294943,,,,,,,,,
Sub-Saharan Africa,SSF,GDP per capita growth (annual %),NY.GDP.PCAP.KD.ZG,,-1.294144888,3.440175751,3.640693764,2.374378002,2.045601461,-0.572985181,-3.306240697,0.433318314,6.149231229,4.984759466,4.865387907,0.225065179,1.467415162,4.566393607,-3.017257949,2.248513652,-0.05877165,-3.022593493,0.84244917,0.748087822,-3.731973041,-4.18718041,-5.397145844,-0.645451605,-0.897101011,-1.006805284,0.011631989,1.507772827,-0.514768335,-0.469686901,-2.305838203,-3.085178964,-3.598502625,-1.639395598,0.588241053,2.344552402,1.370958813,-0.180474732,-0.498658447,0.754168198,1.449783145,3.538583548,1.308932933,3.793303149,3.1946949,3.183578983,3.275797215,2.322192641,0.332193915,3.132130582,1.630745922,0.498780273,2.256133432,1.989230562,0.22757167,-1.38523306,-0.154037047,0.084598167,0.053948005,-4.484212007,1.70511279,1.201927226,0.075734468,0.932461474
Small states,SST,GDP per capita growth (annual %),NY.GDP.PCAP.KD.ZG,,,,,,,,,,,,,,,,-1.517409325,8.946351006,6.602286518,5.453905178,9.681964273,-1.19608406,-5.141521663,-0.00970407,-2.586820406,1.021627527,-0.24074749,0.286522972,1.437701498,0.824961131,1.481018717,1.314841277,-1.917115736,-1.822082591,-0.207440182,2.21527747,3.134363662,2.692726028,4.123012774,2.557614699,3.021822251,5.444032495,1.251601872,2.115500508,3.522059033,3.535509612,3.695621568,5.566343081,3.558793893,0.185959919,-5.212757833,1.265174721,1.565359649,1.241402917,0.213186566,1.247642516,1.263144557,0.784324487,2.207004417,2.207928062,2.078648363,-7.793946483,5.967188587,6.562857752,3.619594212,5.25067142
Sao Tome and Principe,STP,GDP per capita growth (annual %),NY.GDP.PCAP.KD.ZG,,,,,,,,,,,,3.111879064,0.131385641,-0.563520035,3.344733037,2.903701906,-0.891295097,20.20167914,0.162338584,13.37208785,-3.382073046,-12.15994812,1.18898449,-5.59794091,-7.80926946,7.022511698,-7.94337716,-5.289566397,-0.635431146,0.522097003,-4.540350358,-0.986502855,-1.196725304,-0.726460944,0.45601367,0.364462927,-0.031814335,-0.428599449,1.168043705,1.283177578,-0.650845923,1.404889541,0.914792646,5.551387914,0.983351605,4.019818214,6.23775372,1.160672449,3.726990306,0.944228915,-0.755150615,-0.114189922,0.883420959,3.101075643,2.976742762,-0.246825905,3.422233863,2.462524591,2.780577149,0.482132361,0.716646434,-0.178526591,-1.754073105,-1.612837194,-1.098413668
Suriname,SUR,GDP per capita growth (annual %),NY.GDP.PCAP.KD.ZG,,1.391198377,-0.169824094,0.934934048,2.362214082,8.164350001,15.19168918,8.323630868,3.977994226,0.999634779,-0.6930013,0.588938387,-1.970894765,-1.392830713,0.934547183,3.458580155,9.607266759,11.12208473,7.596138944,0.426636518,-8.259423463,7.076609431,-4.47883523,-4.455926933,-2.784764236,0.740327469,-0.576612552,-7.28260491,6.375270175,2.622746803,-5.445523922,2.076394579,-0.219341976,-7.09224119,2.659949897,-1.683170161,-1.122971252,3.520968925,0.211310826,-3.408254622,0.016412852,2.076210129,0.73158313,4.229683655,6.914691683,3.415384572,4.648145608,3.920062199,2.935932976,1.815402507,3.953477033,4.641822245,1.52880859,1.778058903,-0.851471419,-4.451603186,-5.903382464,0.54714937,3.932947026,0.122960023,-16.87387405,-3.316299424,1.540517695,1.606597344,1.940756204
Slovak Republic,SVK,GDP per capita growth (annual %),NY.GDP.PCAP.KD.ZG,,,,,,,,,,,,,,,,,,,,,,,,,,,,,,,,-14.6399588,-6.75176665,1.513092575,5.787846413,5.534214893,5.89518838,5.291261369,3.686947843,-0.574779582,0.925761789,3.113698918,4.455218718,4.925739495,5.41095987,6.474487485,8.92067972,10.78629912,5.273061263,-5.631175103,6.691108446,2.430269586,1.396463718,0.59516788,2.608326499,5.076972909,1.8164696,2.715217096,3.918085065,2.137584707,-2.669028492,5.924293529,0.723874225,2.262509038,2.149601737
Slovenia,SVN,GDP per capita growth (annual %),NY.GDP.PCAP.KD.ZG,,,,,,,,,,,,,,,,,,,,,,,,,,,,,,,,-8.957881756,-5.324911813,3.088787914,5.44941394,4.084713711,2.977996078,5.312840812,3.288871703,5.192840027,3.191941183,2.66685838,3.154679906,3.132826648,4.479064928,3.674398812,5.571349667,6.541772412,3.208894122,-8.422088689,0.672167911,0.446560895,-3.119224817,-0.958293258,2.66181374,2.316344918,2.959024148,5.105893848,4.001306499,2.787045414,-4.72524968,8.098635245,2.504885485,1.708804225,1.310893745
Sweden,SWE,GDP per capita growth (annual %),NY.GDP.PCAP.KD.ZG,,5.184618713,3.685605053,4.735939836,6.02605917,2.848259727,1.123989592,2.575374721,3.057694246,4.27371525,5.484382827,0.252434873,1.986921307,3.788932059,2.899184796,2.146253267,0.691238101,-1.945127185,1.455733746,3.61364755,1.493733134,0.334436842,1.190775386,1.854515027,4.134865293,1.991774093,2.452772636,3.009547746,2.088760552,1.97219126,-0.020759183,-1.817515182,-1.736630351,-2.632808449,3.279030718,3.54949667,1.543089764,3.005870807,4.18787241,4.119904336,4.463238903,1.089008098,1.945361678,1.502556728,3.770598056,2.382884004,4.088865868,2.462275566,-1.69196628,-5.067760299,4.853016846,2.387802168,-1.148444743,0.284348039,1.285783938,3.311867865,1.071808537,0.462320335,0.726062663,1.51533067,-2.710995801,5.3031637,0.771118404,-0.585225856,0.657843244
Eswatini,SWZ,GDP per capita growth (annual %),NY.GDP.PCAP.KD.ZG,,,,,,,,,,,,10.74005667,2.57133708,6.003260709,2.751280923,10.61351705,-5.047830869,-2.171655569,-1.956659455,-0.242964669,8.784267443,10.8937108,-2.134629471,-2.069658558,2.758194089,0.057366697,7.904277116,10.24341003,1.774700592,7.789538333,16.21461123,-2.246556867,-0.628243224,0.144296675,2.411867419,4.909798516,1.806002944,1.382709576,1.29408466,1.839349851,0.721284048,0.126963846,3.554765441,3.173298548,3.000234979,5.422818962,5.463005611,3.835116622,0.143515394,0.916041532,3.187136064,1.68167589,4.8311333,3.298060452,0.87270147,1.465265694,4.066280074,0.695732345,-0.664046641,5.09910496,-3.909807004,2.246479994,0.097209459,2.470230272,1.623565462
Sint Maarten (Dutch part),SXM,GDP per capita growth (annual %),NY.GDP.PCAP.KD.ZG,,,,,,,,,,,,,,,,,,,,,,,,,,,,,,,,,,,,,,,,,,,,,,,,,,,2.274692409,3.156171109,-0.798052974,-1.041288531,-0.68545419,-2.028758778,-1.085966336,-9.30645195,-8.536334326,9.115813226,-14.63369373,3.161292457,8.319984959,2.318842546,2.065086505
Seychelles,SYC,GDP per capita growth (annual %),NY.GDP.PCAP.KD.ZG,,-7.519198954,5.570492765,7.37099843,3.298818638,-3.514268906,11.09230391,-1.93583965,4.980825767,-2.350806837,6.363348234,13.53241028,3.777202936,7.399933301,-0.524332931,0.819491986,13.94840488,-8.13668927,20.44213152,14.8042349,-5.963248102,-5.038637872,-2.645758635,-0.495741991,3.689946196,9.402858169,0.135752842,0.515688007,4.934241659,9.628727319,6.929141275,1.400771562,6.682334597,5.090562685,-5.00302414,-0.981459839,8.395845453,10.88479574,0.482967629,-0.109437697,3.326714564,-2.356613335,-1.834806954,-4.81617833,-2.490008253,8.501897213,7.153345154,8.321654207,-4.87712623,-2.861424258,1.627370136,12.42658766,2.104128265,-0.599133305,2.457612439,6.51232551,10.62779004,5.652986796,3.94280693,4.581551136,-12.49013745,-0.254097866,-6.676656925,2.348899651,2.117729701
Syrian Arab Republic,SYR,GDP per capita growth (annual %),NY.GDP.PCAP.KD.ZG,,7.565565645,20.90884529,-11.35407247,5.981871007,-0.828367586,-10.51998067,4.870754002,0.45790784,14.99006228,-4.958800137,5.364435699,21.46473716,-13.44091595,21.62956396,12.46715469,8.478474752,-5.115320682,6.236263977,-2.479832516,10.72741728,4.235027686,-0.564609484,-1.112421292,-10.79512987,5.571120888,-11.1082566,-1.764698013,14.07143718,-16.4606695,0.439572643,4.335380478,9.556743284,2.995266013,4.097451943,4.037551084,6.890889336,2.302845588,4.06598851,-5.976181907,-1.804215225,-1.402843255,1.473281818,4.681741717,4.293598806,3.520951684,0.644012233,-0.635804298,0.843363715,4.271553201,2.826971068,1.071210718,-25.956031,-22.58277733,-4.146635743,0.008465039,-5.280224533,-0.882509408,-0.435918888,-2.636894526,-3.980110715,-0.874333294,-3.004348297,-5.948930711,
Turks and Caicos Islands,TCA,GDP per capita growth (annual %),NY.GDP.PCAP.KD.ZG,,,,,,,,,,,,,,,,,,,,,,,,,,,,,,,,,,,,,,,,,,,,,,,,,3.704474875,-22.81742752,-2.923533686,0.865882697,-6.547532439,-3.512192741,4.378352007,6.586115837,2.464561493,-6.394229426,83.56679979,1.073407279,-35.63621015,27.17391817,12.58411073,12.86704939,4.871817974
Chad,TCD,GDP per capita growth (annual %),NY.GDP.PCAP.KD.ZG,,-0.625977319,3.248300712,-3.582308945,-4.473230734,-1.383731448,-3.710022425,-1.174581835,-2.3967312,4.747789938,-0.236514146,-4.288471071,-1.08306584,-10.51067386,2.582607518,6.685316382,0.944475622,0.337757708,-2.267823371,-23.08044891,-6.257174866,0.91985963,0.510585366,10.08783415,0.713603679,20.57099074,-6.909312301,-5.749544251,11.63760833,1.388616916,-6.793049266,4.637689802,3.514683242,-17.67419072,7.631589841,-3.127821887,-2.213983781,2.068538544,3.334714167,-4.111486259,-4.249502157,7.954457069,4.777308788,10.2279881,27.80731482,12.69680388,-4.036784825,0.822607256,-0.437230511,-4.801397673,9.923591816,0.927026742,5.288533799,-0.797612798,-1.516382608,0.073922634,-7.092257518,-4.827377973,2.247689721,2.049286083,-3.527966683,-3.101573735,9.060809281,-0.537599858,-1.350074347
East Asia & Pacific (IDA & IBRD countries),TEA,GDP per capita growth (annual %),NY.GDP.PCAP.KD.ZG,,-13.36657896,-1.966401237,3.792357726,8.163469744,8.150381219,5.125669493,-3.954421286,-0.882320479,8.451931259,10.45977665,3.953114592,2.348166822,5.778567218,1.719663333,4.714870445,0.996542107,5.770225944,7.477451456,5.337232921,5.828884946,3.939980811,4.643733218,5.869068228,8.275153486,6.206085039,5.365006941,7.287490788,7.880512069,3.933315094,3.466863859,6.444467486,9.670526852,9.798148927,9.466813945,8.502987841,7.719221661,6.056405189,1.782715055,5.300269591,6.653150587,5.971017968,7.192500525,8.100755587,8.262320871,9.166152751,10.18684941,11.56178707,7.799231212,7.200233031,9.081220979,7.733685313,6.637289474,6.395496105,6.151273139,5.844952302,5.712717241,5.857508016,5.851690295,5.302828558,0.886859027,7.381764193,3.304030603,5.061371381,4.788190455
Europe & Central Asia (IDA & IBRD countries),TEC,GDP per capita growth (annual %),NY.GDP.PCAP.KD.ZG,,,,,,,,,,,,,,,,,,,,,,,,,,,,,,,-2.090751138,-6.365527105,-9.904949095,-4.939894718,-8.623200586,-0.199047653,0.899147305,2.881741109,-0.623404824,2.459846283,7.425511826,2.670707622,5.064324298,6.157334537,7.790959138,6.564975919,7.751131179,7.624095444,4.220812547,-5.028477481,4.276124579,5.443879547,2.954326595,2.830313619,1.811412718,0.980686099,1.349083449,3.807407457,3.28800009,2.250541632,-1.659912608,7.416881933,2.424419094,4.370277511,3.4427181
Togo,TGO,GDP per capita growth (annual %),NY.GDP.PCAP.KD.ZG,,10.21890695,1.962690882,3.089372662,11.85458816,12.32491191,5.716620433,1.410315367,0.765847716,6.500260037,-1.127621498,-3.158056856,4.600905575,1.13399794,2.202971003,-0.060648234,-4.397343535,4.421656645,8.387627115,-7.562246675,11.39802647,-6.27213323,-6.739502362,-8.579406813,2.073666605,2.234858016,-1.473186301,-2.500491884,3.467378026,1.014143046,-3.121271042,-3.518088114,-6.658244103,-14.56785182,14.56073356,3.251830755,4.865208856,10.81487772,-5.031006683,-0.374384292,-3.481377431,-1.800512896,1.220213333,4.050459801,-3.487717978,-7.082382407,-0.18544624,-4.012520722,1.087669291,2.507542462,3.012871497,3.009795132,3.544171901,3.141329527,2.989627884,2.842820838,1.627602008,1.441202402,2.236489697,2.390191389,-0.438936507,3.499886452,3.300370299,3.953686708,2.966099374
Thailand,THA,GDP per capita growth (annual %),NY.GDP.PCAP.KD.ZG,,2.319114694,4.417221373,4.82972345,3.686652177,4.996239413,7.878361825,5.487048635,5.054503201,3.591747836,8.369391695,2.103894504,1.539063017,7.366845341,1.838172,2.439439328,6.830875252,7.414337821,7.915473905,3.181648868,3.027246121,3.801655242,3.314441969,3.559156483,3.763026957,2.734089722,3.663335749,7.633965853,11.3728951,10.3584193,9.360950587,6.8039509,6.379027164,6.593740931,6.416472637,6.58833088,4.202878108,-4.041960986,-8.832168212,3.269056605,3.280234795,2.398731618,5.132750097,6.194936232,5.34116206,3.295375785,4.100117797,4.594989212,0.94728017,-1.421358667,6.794799286,0.21504556,6.580383363,2.08615316,0.450536554,2.659717853,2.969441553,3.737978003,3.907626242,1.905834958,-6.206373264,1.430621756,2.568943164,2.064552319,2.57520763
Tajikistan,TJK,GDP per capita growth (annual %),NY.GDP.PCAP.KD.ZG,,,,,,,,,,,,,,,,,,,,,,,,,,,0.178726964,-4.539036082,9.982411596,-9.202798633,-3.02147591,-9.487999076,-30.35976402,-17.50385706,-22.65605186,-14.23048682,-18.31943001,0.466665814,4.689351887,3.165499793,7.008089675,7.483376811,8.691575719,8.884446444,8.156355511,4.632585119,4.985920392,5.748564578,5.783786454,1.793947599,4.246574671,5.03035521,4.960764487,4.751312028,4.055432388,3.341935194,4.225688617,4.503051615,5.040593209,4.890989718,2.051166804,7.011573661,5.71622455,6.136281811,6.34141937
Turkmenistan,TKM,GDP per capita growth (annual %),NY.GDP.PCAP.KD.ZG,,,,,,,,,,,,,,,,,,,,,,,,,,,,,7.697557686,-6.950474205,31.85273725,-6.963774897,-16.88010333,-0.707955773,-18.99246974,-8.850498273,4.882812156,-12.88958214,5.308479159,14.38215012,3.386070156,2.274291264,-1.719936862,1.264542376,3.0048865,10.92730577,8.928353667,9.006266459,12.53298648,4.026049182,6.987016347,12.29716785,8.706658858,7.773197361,7.831900526,4.092918327,3.790962007,4.093747822,3.831024848,3.981191127,3.675797612,4.071655307,4.170796844,4.362431359,0.489419163
Latin America & the Caribbean (IDA & IBRD countries),TLA,GDP per capita growth (annual %),NY.GDP.PCAP.KD.ZG,,3.18693691,1.322563634,-0.912003839,4.336766555,2.726051517,2.090709687,1.554633488,4.413099442,4.071745558,3.892943202,4.274313142,4.67300256,5.53701319,3.950870616,1.235791577,2.965738873,2.349116266,2.002854547,5.004020471,4.516924094,-1.288941524,-2.509803407,-4.568228841,1.497793195,1.001258059,1.418405607,1.3078453,-1.59369281,-0.31446515,-2.131283564,1.377664035,0.953162462,2.866996917,3.502642516,-1.006204201,2.198269694,3.754884346,1.305600326,-1.104043436,2.055256397,-1.193114248,-0.93820396,1.193099482,4.010773567,2.754827866,3.971400364,4.101587982,2.594210657,-3.446073223,5.491683707,3.428008729,1.52329136,1.754317094,0.339134757,-0.648379551,-1.307481875,1.026813183,0.775304939,-0.157612437,-7.209038764,6.634973749,3.35208962,1.612152634,1.516263891
Timor-Leste,TLS,GDP per capita growth (annual %),NY.GDP.PCAP.KD.ZG,,,,,,,,,,,,,,,,,,,,,,,,,,,,,,,,8.163213681,7.551955537,7.237259541,4.198214719,3.774689137,5.061294501,1.176342643,-4.63535853,-27.11364723,77.08956854,6.730839567,-13.80414065,-6.206340595,-0.917951799,0.895481907,-6.893258913,7.160937744,8.423353109,7.405405459,6.721192805,3.522138571,2.580434513,0.985677294,2.421062989,0.504814158,1.065902397,-4.991678385,-1.900888948,21.04175768,29.4633006,3.436746752,-21.65318262,-19.01145113,-3.331032232
"Middle East, North Africa, Afghanistan & Pakistan (IDA & IBRD)",TMN,GDP per capita growth (annual %),NY.GDP.PCAP.KD.ZG,,1.142543724,0.01733537,8.35065539,7.301415388,9.281760819,4.295123801,4.645435191,9.351710955,7.989929476,5.730717033,2.729194198,8.898976547,2.586642087,4.426791155,0.172234113,11.79896119,-1.273716959,-4.721155475,-3.466622755,-6.227987483,-4.447403954,7.574413278,1.553610852,-2.949164684,1.148636576,-4.772567476,-1.995692851,-1.152033514,-0.129117373,6.754080615,-1.580073207,2.121140689,-1.135803645,-0.247022033,0.457382112,3.514626163,1.02149134,2.945098446,1.811508723,3.533283818,0.691884236,1.081995898,0.513730967,5.212768904,2.555661896,3.069994441,3.547212158,1.226192542,0.549259272,2.583467788,-2.508679332,1.488475232,-0.816467711,0.548417697,-0.620743186,3.831689231,1.637516912,0.777894437,-0.568460333,-4.479209905,2.686848856,2.433132539,1.123899697,0.428600619
Tonga,TON,GDP per capita growth (annual %),NY.GDP.PCAP.KD.ZG,,,,,,,,,,,,,,,,,,,,,,,4.665365953,1.963670869,1.746698044,6.564988598,2.091570923,2.602487905,-2.469773722,-0.048402097,-2.335895975,6.207226292,0.124681394,3.654116738,4.886510733,6.165626314,0.043008968,-0.994486484,1.572206247,1.642808908,3.116478163,0.892102644,3.840091333,-0.513275015,-2.53428308,-1.221716621,-2.701550262,-2.896577176,4.574767362,-5.291126648,0.639458309,6.535066538,1.023066196,0.752077132,2.439219913,1.60361126,7.175514087,3.366885518,0.48629922,-0.304760032,1.749694063,0.566202693,-1.893219858,2.518465132,
South Asia (IDA & IBRD),TSA,GDP per capita growth (annual %),NY.GDP.PCAP.KD.ZG,,1.508922028,0.815664086,2.410222228,5.22879305,-4.107853327,-1.585366312,3.860625288,1.924212826,3.516218974,2.771565191,-1.512119061,-4.244040214,1.021240968,-0.06657402,4.796231898,-0.184388212,4.111968781,3.420702305,-5.772494555,3.38675573,3.696189023,0.946561323,4.172165639,1.692435267,2.663515673,2.328799975,1.516791398,6.144259717,3.179442574,3.323287311,-0.61911186,3.216871598,2.668199617,4.237755829,5.07850992,4.97363938,2.192863654,3.959069732,6.171586014,2.158410919,2.667613945,1.956756176,5.672662978,5.793875331,5.971282611,6.293080202,6.002067292,2.075104711,5.933981489,6.727058482,4.053674353,4.279301925,4.952171583,5.962825507,6.461739174,6.737337299,5.60196772,5.279340855,3.041009511,-5.90537298,8.330281926,6.241736558,7.554168702,5.287342508
Sub-Saharan Africa (IDA & IBRD countries),TSS,GDP per capita growth (annual %),NY.GDP.PCAP.KD.ZG,,-1.294144888,3.440175751,3.640693764,2.374378002,2.045601461,-0.572985181,-3.306240697,0.433318314,6.149231229,4.984759466,4.865387907,0.225065179,1.467415162,4.566393607,-3.017257949,2.248513652,-0.05877165,-3.022593493,0.84244917,0.748087822,-3.731973041,-4.18718041,-5.397145844,-0.645451605,-0.897101011,-1.006805284,0.011631989,1.507772827,-0.514768335,-0.469686901,-2.305838203,-3.085178964,-3.598502625,-1.639395598,0.588241053,2.344552402,1.370958813,-0.180474732,-0.498658447,0.754168198,1.449783145,3.538583548,1.308932933,3.793303149,3.1946949,3.183578983,3.275797215,2.322192641,0.332193915,3.132130582,1.630745922,0.498780273,2.256133432,1.989230562,0.22757167,-1.38523306,-0.154037047,0.084598167,0.053948005,-4.484212007,1.70511279,1.201927226,0.075734468,0.932461474
Trinidad and Tobago,TTO,GDP per capita growth (annual %),NY.GDP.PCAP.KD.ZG,,11.63238668,0.752266671,3.648659984,5.7254924,-0.983106191,2.455365054,0.604197669,3.848330468,1.505088958,2.409508408,-0.079731092,4.49462472,0.37761915,2.519934536,0.253836342,5.123666638,7.783182157,8.625300982,2.265698885,9.0027373,3.343801635,2.642352276,-11.27474523,-6.75126186,-5.280775453,-4.545970915,-5.678158087,-4.912107328,-1.75092763,0.649239419,2.298485727,9.270273706,-1.351145483,2.934124957,3.262637779,6.660210283,7.11872871,7.762367648,7.656465692,6.491014874,3.713286141,7.414533701,13.86840375,7.414786535,10.38396535,12.90714593,4.332681053,2.96516094,-4.502582082,2.726674098,-1.068038127,6.136650252,2.931168535,3.326473338,-0.883382741,-7.69261764,-5.010687067,-1.172015931,0.118832281,-9.085425453,-0.972348852,1.211960579,1.300654923,1.589464393
Tunisia,TUN,GDP per capita growth (annual %),NY.GDP.PCAP.KD.ZG,,,-5.744357871,-11.90337099,-6.007935325,-4.06477765,1.433441785,-2.124535678,7.718910887,2.135805552,2.085239986,7.823076892,14.79947594,-3.178716223,5.271863238,4.319260738,5.039492515,0.741174867,3.851594318,4.140709027,4.983336289,3.139575128,-2.659367637,2.527700117,3.313939722,2.941610343,-3.915876988,4.103195222,-2.242562703,-0.465310453,5.708363714,1.73746449,5.562267754,0.166338941,1.341725476,0.756163866,5.610852975,4.021398324,3.461598264,4.799283718,3.541459742,2.694733173,0.287760874,3.661605932,5.247947469,2.585340811,4.319074829,5.735679385,3.239830583,1.998124232,1.868356354,-3.126897864,3.046573125,1.218996687,1.874864311,-0.165531728,0.008690129,1.168783738,1.621700759,0.650532998,-9.764029659,4.088141749,2.074255953,-0.625809734,0.717656173
Turkiye,TUR,GDP per capita growth (annual %),NY.GDP.PCAP.KD.ZG,,-1.585984916,2.759207423,6.188710699,2.730123124,0.273548787,8.422404355,2.048103094,4.11398596,1.562306662,0.83657949,3.090214124,4.877522395,0.901130367,3.281701013,4.973641958,8.228602723,1.295387845,-0.525036952,-2.555624161,-4.377370723,2.791317869,1.372769974,2.532861133,4.286795121,1.95228451,4.757908998,7.277130212,0.297547034,-1.656387392,7.239620322,-1.036294239,3.260174067,5.810130709,-6.311169353,6.126979545,5.773538493,6.034109127,0.987948285,-4.547472986,5.570074624,-6.915473159,5.171807671,4.54245413,8.577987515,7.833768914,5.855088766,4.874674696,-0.452853692,-6.127857401,6.792082326,9.579863958,3.461212425,7.101319543,3.53349204,4.678595993,1.94225846,6.116958888,1.628175853,-0.612629741,0.876219398,10.42940607,4.499458772,4.684874384,2.951523652
Tuvalu,TUV,GDP per capita growth (annual %),NY.GDP.PCAP.KD.ZG,,,,,,,,,,,,-1.964554635,-2.070581518,-1.740610104,-4.059307128,-6.256472617,-5.288800234,-7.801460664,-5.656474774,-3.54406147,-3.094510996,0.419055248,-17.52146224,7.224761895,5.924288661,-3.591966219,20.03443264,10.19172707,17.24805083,-3.577852736,13.59251103,2.100537064,1.537763569,3.106906116,9.313141828,-5.751723044,-6.58547613,9.324558999,14.87789245,-2.030343635,-1.468542068,-0.438138953,9.102695427,-5.05818777,-3.477393124,-5.840625146,1.257349089,5.816987962,5.230113361,-7.504660166,-3.631681427,5.173300725,-3.506143242,3.712310739,0.154770575,10.62817355,5.979388562,3.023363136,2.500082604,15.6508251,-2.599582289,3.851403702,2.712619258,5.714880754,
Tanzania,TZA,GDP per capita growth (annual %),NY.GDP.PCAP.KD.ZG,,-1.705543798,5.977402695,3.192379727,2.398315713,1.244885098,8.276356691,2.300080879,2.895385496,-0.180957707,-48.24329624,0.340962028,3.358272601,2.43676824,-1.505673201,0.273193791,-0.38428277,-3.506140207,-1.457454863,-0.88876844,-0.45788368,-3.95231796,-3.361813083,-3.606841905,1.316930011,-2.002288112,2.065383258,1.436749314,4.058657662,1.041904022,4.29914683,-0.476012505,-1.889800121,-1.913632891,-2.253896067,0.36844721,2.651689807,1.459027936,1.020638939,2.099949475,1.599426585,3.250579618,4.363687275,3.893442537,4.631631104,4.540186498,3.595549271,3.834933117,2.873538987,2.709365897,3.67041498,4.704850043,1.538920327,3.627227942,3.511479463,2.77038212,3.304006659,3.270742717,2.208610067,2.71005882,-0.998987837,1.254017611,1.542997924,2.080992431,2.553848269
Uganda,UGA,GDP per capita growth (annual %),NY.GDP.PCAP.KD.ZG,,,,,,,,,,,,,,,,,,,,,,,,3.155199651,-2.976623232,-5.98381523,-2.490968897,0.791137639,4.873141653,2.984165912,3.085376251,2.147207444,-0.045235517,4.648805501,2.892053482,8.518090255,6.165023226,2.096964135,1.831322764,4.609035734,-0.050611274,2.014737627,5.380390553,3.163140555,3.65117761,3.257139546,7.588577526,5.270375754,5.554503856,3.705921591,2.573084633,6.23090994,0.865151268,0.656669464,2.049484593,2.004299431,1.357433129,-0.406390813,2.753003825,2.889586902,-0.423922683,0.258075577,1.489270851,2.427594598,3.253613878
Ukraine,UKR,GDP per capita growth (annual %),NY.GDP.PCAP.KD.ZG,,,,,,,,,,,,,,,,,,,,,,,,,,,,,2.151788684,3.487032109,-6.590415636,-8.904518693,-10.16296916,-14.24335461,-22.49414669,-11.50247384,-9.227956038,-2.161110953,-1.107180936,0.605336123,6.797065494,9.7965755,6.269264831,10.3374845,12.57739316,3.924534289,8.269613045,8.712272964,2.775509046,-14.78072012,4.467825135,5.782622065,0.364275558,0.226082936,-5.088468796,-9.276866638,2.94151229,2.860278697,4.099379754,3.872846983,-3.084585764,4.410508833,-22.7456813,15.44802199,2.531181661
Upper middle income,UMC,GDP per capita growth (annual %),NY.GDP.PCAP.KD.ZG,,-0.142829119,1.484401379,1.886465769,6.139466236,5.127208098,3.498833725,1.197518066,4.266974398,5.586706984,5.639125359,3.961012129,5.150189732,5.307161178,4.092923708,2.478759969,4.591887849,2.508495496,1.998261254,3.783195253,2.905876183,0.133271875,1.253805573,-0.350660286,3.616826836,2.950246562,1.877863245,3.088248833,1.596171045,1.221879167,1.06819464,1.567930623,3.085508958,4.544312122,4.246649695,3.204000809,4.992553893,4.887322226,1.852680195,2.158702393,4.951196643,2.461019624,3.928102073,5.022969315,6.950136161,6.650663476,7.727275221,8.610433924,5.463684311,2.703578683,7.673750065,6.043209974,4.823111891,4.701838761,4.086595992,3.65588427,3.735028292,4.501942809,4.155651464,3.471774296,-0.932308951,7.2691257,3.162892534,4.36127094,3.833231212
Uruguay,URY,GDP per capita growth (annual %),NY.GDP.PCAP.KD.ZG,,1.209416674,-2.760756162,-0.99275217,1.304832481,-0.009221439,2.055045004,-4.525350928,1.062994169,5.125588681,1.715981526,-0.808127209,-1.850524968,-0.272241256,2.289245236,5.418147011,3.249898213,0.825379274,4.788573318,5.686598779,5.411343554,1.172513965,-10.12927394,-10.67325596,-1.594021324,0.977235887,8.242662447,7.38938187,0.88338973,0.504600329,-0.288978937,2.943544434,7.335226977,2.11624611,6.723808888,-1.960717627,5.022000774,7.974492892,4.004730001,-1.966883896,-2.29597375,-4.080389786,-7.861902406,0.734039112,4.941410165,7.37434772,3.980380827,6.358927544,6.948172257,3.994261466,7.527646178,4.901505614,3.271960829,4.32675422,2.900530202,0.022574556,1.350780377,1.465490735,-0.015101127,0.848968097,-7.405352345,5.915101985,4.664391249,0.826336249,3.153710745
United States,USA,GDP per capita growth (annual %),NY.GDP.PCAP.KD.ZG,,0.879102266,4.509853645,2.86616828,4.303809752,5.17532863,5.371360677,1.62998964,3.872191078,2.119628485,-0.975761765,1.994978951,4.134727646,4.642113354,-1.445132895,-1.18474294,4.391358483,3.577179816,4.422887166,2.033731709,-1.209324077,1.536302416,-2.734694903,3.631858034,6.311989224,3.250576261,2.510894961,2.534042346,3.235337926,2.697760215,0.741486719,-1.434247578,2.096668635,1.405723186,2.761108967,1.468929169,2.572464,3.19716561,3.272229839,3.591980374,2.925862547,-0.03873193,0.761236857,1.915882477,2.891110915,2.534110705,1.798198746,1.038343823,-0.828888121,-3.426831941,1.829923699,0.762796403,1.475705969,1.348162527,1.710945439,2.127411382,1.02266589,1.750140952,2.3644425,2.056765899,-2.561807384,5.88834104,1.923861729,2.035599877,1.797350443
Uzbekistan,UZB,GDP per capita growth (annual %),NY.GDP.PCAP.KD.ZG,,,,,,,,,,,,,,,,,,,,,,,,,,,,,6.163109939,0.425647011,-0.82159019,-2.855717954,-13.35822154,-4.534401089,-7.206021854,-2.864470692,-0.191816644,3.397977063,2.67523588,2.846554665,2.532002822,2.904964585,2.705759739,2.970712202,6.135922866,5.620586953,6.074751462,7.948870306,7.368565239,6.331691024,5.905900269,5.892334203,5.496719098,5.628259431,5.10953748,5.383455909,4.119844566,2.641277162,3.751768451,4.864861407,-0.31655616,5.9609061,3.891995112,4.164676153,4.421798003
St. Vincent and the Grenadines,VCT,GDP per capita growth (annual %),NY.GDP.PCAP.KD.ZG,,2.723283972,2.070547217,-7.628108866,2.253564065,-0.42207444,-1.222135315,-10.56533309,5.379236296,1.849095345,9.700333204,2.002911146,24.65025034,-11.91293576,-9.612810954,-8.373521179,9.493343182,12.33910845,8.948601891,2.679867597,1.720205847,3.757661713,3.593465729,1.337576148,5.746016574,5.377907708,4.850847309,-0.219401447,13.3974089,0.846053659,3.646194612,0.766079149,6.10658039,4.041739199,-1.407665917,7.643675748,1.223442465,3.485024541,4.054327133,2.54179354,1.478801275,1.787674921,5.485251176,6.885593513,4.397050006,2.839451911,7.413397957,3.770422614,0.859512862,-0.914124585,-3.99351095,-0.051811853,1.739453798,3.031957081,1.815188136,3.335707171,4.744274537,2.107470818,3.900316717,1.401936571,-3.676188032,2.773421663,3.914128696,6.077931115,4.793047802
"Venezuela, RB",VEN,GDP per capita growth (annual %),NY.GDP.PCAP.KD.ZG,,-0.417607563,4.80288763,0.380076593,7.411991268,0.724945031,-1.801553576,-0.478522034,3.935592597,-2.420423231,4.424975707,-1.573624884,-1.715469627,3.978722923,-0.887407682,-0.066557354,4.636811581,3.231946097,-0.562866172,-2.074031855,-7.07519951,-3.088087632,-4.710754303,-6.323373446,-1.221610202,-2.403667894,3.764310794,0.927054412,3.151825216,-10.82812395,3.900677742,7.147339549,3.630829513,-1.958847954,-4.46506899,1.756674328,-2.260158382,4.211607037,-1.701734468,-7.788239688,1.741802637,1.518340926,-10.48874552,-9.38351089,16.27420418,8.485311698,8.100929101,7.083191552,3.760502878,-4.511403082,-2.770232515,2.848177553,4.308523269,0.128922904,-4.980411379,,,,,,,,,,
British Virgin Islands,VGB,GDP per capita growth (annual %),NY.GDP.PCAP.KD.ZG,,,,,,,,,,,,,,,,,,,,,,,,,,,,,,,,,,,,,,,,,,,,,,,,,,,,,,,,,,,,,,,,,
Virgin Islands (U.S.),VIR,GDP per capita growth (annual %),NY.GDP.PCAP.KD.ZG,,,,,,,,,,,,,,,,,,,,,,,,,,,,,,,,,,,,,,,,,,,,-0.392409019,3.323031122,3.497713552,3.585222912,4.041316111,1.162598335,-6.600820338,0.640017046,-8.147450692,-14.73218495,-6.157647384,-1.62976238,-0.267922316,1.786070569,-0.517853882,2.144901825,3.228630685,-1.264124946,4.078869901,-0.883383819,,
Viet Nam,VNM,GDP per capita growth (annual %),NY.GDP.PCAP.KD.ZG,,,,,,,,,,,,,,,,,,,,,,,,,,1.425069011,0.598118658,1.501859836,3.029446573,5.181784957,2.923307849,3.763394099,6.467786136,6.013282932,6.891203436,7.722837974,7.686226211,6.592399576,4.257661927,3.416948167,5.587929504,5.082401005,5.237176923,5.835561007,6.498787408,6.553397114,5.572397499,5.252312133,3.74838604,3.832374596,5.212276836,5.19449778,4.276305071,4.314988804,5.137840994,5.668964785,5.354270972,5.617878651,6.280958282,6.324648866,1.915814348,1.666516042,7.725699088,4.361949576,6.417285432
Vanuatu,VUT,GDP per capita growth (annual %),NY.GDP.PCAP.KD.ZG,,,,,,,,,,,,,,,,,,,,,-13.40683166,2.092655915,-0.367503627,0.548157848,6.89313734,-1.514196979,-2.662382602,-5.34800638,-4.18555172,-1.025512286,8.927126838,0.61299794,0.07035439,-1.699820073,6.509287799,-1.306363758,0.067777144,2.675021254,-0.915191996,-1.721283583,3.517801811,-5.799608774,-7.537105175,1.751597447,1.477573661,2.782615363,5.867261011,0.387169374,2.985354816,0.453966271,-1.085938085,0.925978796,-1.185214135,-1.746960505,0.30549266,1.676021065,1.195138027,2.005798957,0.464610871,0.862982514,-7.177430786,-3.808557112,2.774357049,-3.24062172,1.630209766
World,WLD,GDP per capita growth (annual %),NY.GDP.PCAP.KD.ZG,,2.649630692,3.484287753,2.802885137,4.356568146,3.474094658,3.284718695,1.71635582,3.813599562,3.812122843,1.612094571,2.107331066,3.515571836,4.321077161,-0.021160625,-1.283847112,3.310653942,2.201535999,2.351469304,2.354318136,0.104032412,0.150961004,-1.449072402,0.803858488,2.851889986,1.898458609,1.416208289,1.911162828,2.710085161,1.922242965,0.947929812,-0.45893453,0.379584095,0.243261236,1.775213214,1.566891506,2.058066518,2.448460078,1.383303051,2.158436429,3.125778169,0.680241704,0.99800906,1.787001269,3.14900656,2.724309907,3.151435771,3.077571165,0.788423585,-2.547656185,3.262929491,2.095364779,1.421483406,1.628723449,1.911364204,1.919884688,1.623044819,2.292239787,2.18571528,1.642949456,-3.798581546,5.535672305,2.460403308,1.991415805,1.889469191
Samoa,WSM,GDP per capita growth (annual %),NY.GDP.PCAP.KD.ZG,,,,,,,,,,,,11.83832842,0.15701917,5.843204158,-12.42201396,-6.259048338,6.69949634,-2.414934394,5.182068131,9.882950326,-7.015135331,-9.773678102,-1.439994572,0.292480478,1.237763305,3.886486116,5.370693211,0.123502242,-1.843331041,3.447996188,-4.576374054,-2.488065596,-0.764226258,3.225491452,-3.321610589,5.810824098,6.265880046,-0.193253145,1.41916707,1.408876088,4.277450708,6.521819544,4.904547374,4.668494152,2.633950603,6.223432884,1.73439137,-0.06980923,2.818546532,-1.271854672,5.294516646,2.947725999,-4.606633499,-0.786395615,-0.230248575,2.952269413,7.072761141,0.460419454,-1.647207656,3.357449603,-4.09773046,-7.876431948,-5.95822542,8.501973313,8.74178266
Kosovo,XKX,GDP per capita growth (annual %),NY.GDP.PCAP.KD.ZG,,,,,,,,,,,,,,,,,,,,,,,,,,,,,,,,,,,,,,,,,,,,,,,,,,5.396367017,5.288314827,6.12959203,0.857974395,4.703870841,3.652730273,7.36815112,6.207616502,4.038388799,3.057529313,5.236696763,-5.406901843,10.99814005,5.339097617,9.351075229,15.03254942
"Yemen, Rep.",YEM,GDP per capita growth (annual %),NY.GDP.PCAP.KD.ZG,,,,,,,,,,,,,,,,,,,,,,,,,,,,,,,,2.298600984,4.170120142,0.16354826,2.854425565,1.939324875,1.171230544,1.929696328,2.71904692,0.593963695,2.96401092,0.714060019,0.897556694,0.743278419,0.96676706,2.372031853,-0.129375631,0.045109909,0.37097863,0.598210144,4.374497208,-15.33668753,-0.670663095,1.67911232,-3.204717053,-30.15075509,-12.05537438,-7.888612016,-2.186490193,,,,,,
South Africa,ZAF,GDP per capita growth (annual %),NY.GDP.PCAP.KD.ZG,,0.971241814,3.066159749,4.168016376,4.692929469,2.909441055,1.252170122,3.903810554,0.956697921,1.531072215,2.105805654,1.269222759,-1.218408428,1.624269414,3.160605317,-1.082709398,-0.479248252,-2.759355194,0.240191993,1.018867015,3.425110884,1.834440391,-3.768408742,-5.216239451,1.52227888,-4.451589073,-3.129218179,-1.033109518,1.073999317,-0.57128801,-3.052100204,-3.254006291,-3.879262369,-0.762363526,1.541959481,1.856049543,2.955969879,1.378195856,-0.711121199,1.29020714,3.251270582,1.821084061,2.72292924,1.928224901,3.506541288,4.21638585,4.530319446,4.254696047,2.007986584,-2.706640751,1.828046725,1.900920497,0.897179684,0.80565881,-0.257188966,-0.694265294,-0.277781476,0.498695962,-0.13748504,-1.380361054,-7.678733096,3.350530901,0.480619707,-0.630050659,-0.669086828
Zambia,ZMB,GDP per capita growth (annual %),NY.GDP.PCAP.KD.ZG,,-1.764633797,-5.51106619,0.060076425,8.728433363,13.01197561,-8.540854469,4.510762112,-1.970473929,-3.556876177,1.775645546,-2.803031761,6.178661504,-3.771094146,3.350238937,-5.154978004,3.045894797,-7.41945462,-2.443214003,-5.888479351,-0.002533351,2.965931744,-5.885519956,-5.076221026,-3.35758527,-1.388708383,-2.239057331,-0.248588087,3.40269789,-3.602842779,-2.998427022,-2.484378623,-4.074834158,4.281749824,-10.78132805,0.444103478,3.643434313,1.195241999,-2.963135677,1.882473002,1.017939766,2.179818032,1.338194901,3.676858876,3.684948863,3.752643862,4.249832177,4.596715271,3.997731851,5.422723095,6.545123584,2.116508296,4.164388005,1.746180594,1.424322409,-0.241301067,0.593979724,0.398377781,0.953733735,-1.518949511,-5.567735025,3.285754611,2.343364502,2.464640311,1.158386808
Zimbabwe,ZWE,GDP per capita growth (annual %),NY.GDP.PCAP.KD.ZG,,3.042819299,-1.705577936,2.94681504,-4.176660714,1.652608994,-1.626674563,5.010085431,-1.195503738,8.922125171,18.85860116,5.69965436,5.051351918,-0.587268321,3.233766856,-4.99180317,-2.546451266,-9.206070375,-4.105497231,1.681264274,8.02232255,5.66264548,-1.286791812,-2.20178844,-5.333377435,3.308606576,-1.262736211,-2.140094259,4.202829346,2.195630424,4.112775703,2.818284567,-11.54790359,-0.414846599,9.106003062,-0.767851592,8.543226099,0.770841532,0.893314962,-2.410002221,-3.944443069,0.763068912,-9.766459246,-17.97676255,-6.824979033,-6.59884775,-4.63046686,-4.914564088,-18.65425836,11.68935545,17.76012417,12.18749167,14.78715763,0.56361457,0.982274135,0.425141517,-0.633234617,3.234096474,3.459545469,-7.785583572,-9.33395398,6.611933105,4.343581555,3.584903011,0.228943955
